,A,B,C,D
2000-01-01,1.964107942751233,1.1651813797514847,-0.7426341055706317,-1.6365119597367355
2000-01-02,1.761694148803493,0.2987860868198232,0.040263492680789215,-2.5279225165973496
2000-01-03,1.714937616547342,-0.5917204388891626,-1.127979146253572,-1.0007444873051707
2000-01-04,3.609627513849687,0.4507840620197825,-0.48430811037846666,-1.845202445298705
2000-01-05,2.1298779376089447,-0.32723777280334254,-1.1275698194265242,-1.6057073132020145
2000-01-06,2.570228769088084,-2.439585161440157,-1.562234569859021,-1.595961077755128
2000-01-07,3.564663330832698,-3.4451744455247555,-2.9041091388517857,-2.1382843763628907
2000-01-08,5.066454276764567,-2.9219096377541915,-3.1185077130417924,-2.5168895247576017
2000-01-09,5.2162949570167685,-3.106405464437035,-2.121729185927685,-3.6468099823240205
2000-01-10,3.5218052706465057,-2.816371107666443,-0.9718780451291547,-2.778050212231582
2000-01-11,2.232941721909059,-3.9774546208421784,-0.24212196101718308,-3.5233562635466558
2000-01-12,2.2286009391516406,-4.438663174797886,-0.23367111397442883,-3.125020207763343
2000-01-13,2.702080006923962,-3.020993107131998,-0.6994000945984742,-3.5795914351131994
2000-01-14,1.6210564974584962,-2.979404191202555,0.43699954746156155,-3.4847490774782135
2000-01-15,2.3362781018905316,-2.9215275657272852,1.1138889466674744,-4.040246022133235
2000-01-16,1.675829672073441,-2.2746158818750373,1.4559453545445182,-2.344280137181853
2000-01-17,3.3052713670867115,-3.563152881358191,0.6618312716376752,-1.676213434458786
2000-01-18,2.315472923206103,-3.610527860107233,0.9002097096897782,-1.6634190030462417
2000-01-19,2.0683269028079327,-4.76652558646021,1.4392971602740317,-1.3437646196893795
2000-01-20,2.2818582023234515,-3.956550074089601,1.8891692524856913,-2.352065785157545
2000-01-21,2.5810033805089083,-3.958318576689486,1.7288255938539037,-2.9275045795804844
2000-01-22,1.8382550153464627,-5.117964840994878,1.0221791229275898,-2.2438298581228313
2000-01-23,1.8056530096026704,-4.396523664339778,0.4952961655900734,-1.8623175063550925
2000-01-24,1.9449087811101842,-4.676820464425678,-1.6975098134464806,-1.9266874958474283
2000-01-25,1.2759366182909297,-4.6243847805414795,-0.07143711654661233,-2.4150235376092963
2000-01-26,2.2499137564226332,-5.343089624342606,-0.04744550833046233,-2.004393587147831
2000-01-27,2.2201301130280586,-7.516389772659235,-0.22697502382551576,-3.6492315540692544
2000-01-28,2.923929605750772,-6.207451536390919,-0.3308085693953691,-4.368551813703734
2000-01-29,3.10120815778029,-8.184460246607273,-1.2766302654213857,-3.398139847348645
2000-01-30,2.952549771704908,-7.705549953777065,-0.6852660093525487,-3.8083898558426528
2000-01-31,4.382361145416423,-8.225008212865301,0.30601603353797047,-2.8596208022736516
2000-02-01,3.6693345353412465,-8.652838659749708,0.6463436416809742,-2.9785401621303076
2000-02-02,2.5618139253812124,-9.538797871093976,0.648322175095152,-2.499603063161774
2000-02-03,3.273916426963629,-11.983698580410016,1.2536211933606038,-4.243370078766783
2000-02-04,1.7940210094881837,-10.185974262283333,1.8708598200832065,-5.091895852524515
2000-02-05,2.245065206464169,-10.216935180966521,1.3029171504595718,-4.688957924142959
2000-02-06,1.8478534473020523,-11.465890380383188,-0.23278532789849993,-6.213466998697345
2000-02-07,2.485322802331714,-11.480856608061577,-0.830988644670176,-6.569698868722636
2000-02-08,0.9931436961082254,-12.35206071644459,-0.18848446869215563,-6.298525398165497
2000-02-09,-0.7147250441630288,-13.870421008922834,0.22842715234088495,-7.0763581524818004
2000-02-10,-1.1974852401992806,-14.315444776989152,0.5689494671440284,-6.113479302379752
2000-02-11,-1.2643202042513884,-14.721234167597489,0.48234656697951833,-5.065649992710064
2000-02-12,-1.05469986198529,-15.482968951142283,0.1583967667336585,-5.726136149229195
2000-02-13,-0.9358016107659476,-15.62809895281633,0.11554877467809435,-7.027588007189231
2000-02-14,-0.7224146968832463,-16.33017571747017,-1.3716641171382018,-7.3102015030566605
2000-02-15,-1.937449974984255,-15.783275199680864,-0.7424441758466331,-6.680393731053394
2000-02-16,-1.066079285053192,-15.419390196112639,-2.3061894886806042,-6.8657724084656975
2000-02-17,-2.5194123506875092,-15.255211451657164,-2.7785950892635976,-6.892954749016641
2000-02-18,-2.756819319328275,-15.472701985655853,-2.4958657182115895,-7.185337522591411
2000-02-19,-3.2389302940666513,-15.228673067781079,-3.6680745005475357,-5.7081991350326335
2000-02-20,-5.887269139445478,-14.458642339627445,-3.341523285526491,-7.35237567964297
2000-02-21,-6.05689098656395,-15.057293578406346,-3.0358407082919507,-5.921230929975106
2000-02-22,-6.329845576549027,-14.900271168742067,-1.8139773299039994,-6.715039518960626
2000-02-23,-7.390091891353284,-16.216762854007822,-0.6952301638343712,-5.749269884058907
2000-02-24,-7.172545930623323,-16.113915558110364,-2.0243941349954326,-6.539732053285242
2000-02-25,-6.853388345569901,-16.03529368992851,-0.596210363532587,-6.798739489033455
2000-02-26,-6.200226753228605,-14.927696580563294,-0.9865552862119017,-7.797453690012224
2000-02-27,-6.852150899644844,-18.104524664533827,-0.6565334248303338,-6.038560709704183
2000-02-28,-7.929891391589035,-18.320639561890673,-0.8244149042326919,-6.176771289960347
2000-02-29,-8.263985087728628,-17.958280977261378,-0.7381853319755206,-6.6179236703435755
2000-03-01,-7.523584528519139,-17.93681573398555,-0.10676424628361969,-7.908864099596363
2000-03-02,-5.531664247714183,-18.138252343649814,2.625037053300728,-8.64205958884246
2000-03-03,-5.095246362949174,-17.09839581811309,2.1173005621156618,-8.060198847574933
2000-03-04,-5.8661149321715955,-17.143579383213424,3.1051436594395674,-8.965023068494864
2000-03-05,-5.883159673319427,-16.535543224403387,3.071983818342355,-9.18770199888591
2000-03-06,-7.594093610392756,-16.47587989100274,3.5050138184933943,-8.29537023745027
2000-03-07,-6.279059924014665,-17.960612414342098,3.778126938261786,-10.047371068836743
2000-03-08,-6.893607139644676,-20.15126711465894,3.077809693406965,-11.906518126960021
2000-03-09,-6.555786850889509,-22.637881253305856,3.7206445209237007,-11.358650590029367
2000-03-10,-6.867735338929677,-21.369366727991395,4.981479629584809,-9.735155341913558
2000-03-11,-6.177655766899206,-24.333496234218206,3.721531488278271,-10.745603815730515
2000-03-12,-3.4598219847650014,-23.604193199355848,2.3245473031030546,-11.34678248581126
2000-03-13,-2.9281364949082502,-22.53004907576509,1.976489763776887,-11.289895091139392
2000-03-14,-3.2902427814057083,-21.961351400957195,4.107323489115115,-12.092184939489933
2000-03-15,-2.094086150721034,-22.491425745322154,4.509796825267958,-12.206931401943166
2000-03-16,-1.755805869495095,-21.973681423447086,4.984852786694289,-14.796694339922107
2000-03-17,-2.25173460028916,-22.38117475561376,4.505835506624568,-14.53146781404428
2000-03-18,-1.6989698270118874,-20.575693547061267,7.306965266493453,-13.911383853347099
2000-03-19,-3.2251292976095085,-18.73042905249691,5.657479964321101,-14.767276279502955
2000-03-20,-2.526145642161842,-18.4130972742541,6.421114668303713,-14.502146565692453
2000-03-21,-2.6835064906986363,-18.20441949853038,7.709163718559868,-15.333912715092646
2000-03-22,-3.268327467409086,-17.746692856564227,9.127271315167517,-15.094211693448717
2000-03-23,-3.2169235057249077,-19.312859465436315,8.482225317824833,-13.662861895549026
2000-03-24,-5.346632468632784,-18.931803866611194,8.418933991062222,-14.42628608944118
2000-03-25,-6.864235158149004,-16.327852497089555,7.156722052018675,-14.121605948614032
2000-03-26,-6.311036456749803,-15.35097140072967,7.160582261654132,-15.411654113448567
2000-03-27,-6.6994511434391235,-13.633610483914453,7.045411702533949,-15.485626474615776
2000-03-28,-8.390711439866344,-11.77989105727035,6.181807591772047,-16.975025469274655
2000-03-29,-7.462038829478523,-12.152955825204526,8.311139296307271,-16.99335447882783
2000-03-30,-6.658681881836359,-12.88333510376962,7.601176002802571,-14.325755940128529
2000-03-31,-6.191968926388896,-14.558868165349715,7.11049282706233,-15.026457847879781
2000-04-01,-5.861259986391774,-15.745395829331995,6.542689237875107,-15.261443047906088
2000-04-02,-6.017234950111701,-15.38192338512072,6.803568374560595,-13.900036065276767
2000-04-03,-7.042993444100537,-16.043553194792985,6.097510629804454,-14.49609954350061
2000-04-04,-7.50392956549083,-16.40890372362448,6.929588676138757,-14.37595955982659
2000-04-05,-5.406329213482677,-17.18758047740172,6.6080829119387925,-12.451008087830038
2000-04-06,-6.117834650000939,-16.4480593302445,7.293559356828462,-11.33708171709613
2000-04-07,-5.155129313465954,-16.976210144313786,7.390843167214873,-9.872694985021795
2000-04-08,-4.87295764748116,-16.97852793170102,6.86799184258339,-11.56183547065292
2000-04-09,-6.259312746512856,-15.515097837906058,7.4253276709041005,-13.281017177814498
2000-04-10,-6.241662467159796,-14.624531747680896,6.741785156146678,-12.97496966649048
2000-04-11,-7.0935734143705185,-16.449924579716793,8.237225295523693,-11.521168143083043
2000-04-12,-5.335356999995598,-16.11763155296686,7.595638422661078,-12.45345024245248
2000-04-13,-5.196919588421926,-17.09725985114628,5.971439838067144,-12.437765318060459
2000-04-14,-5.461923085205992,-16.943337437631968,5.23187432212706,-11.199025809603143
2000-04-15,-6.358351318565271,-17.67091979037195,5.354912664458559,-10.348538178916051
2000-04-16,-5.952873692421287,-17.66035585380127,5.450852592348565,-9.810102573807997
2000-04-17,-6.2217212374658075,-19.63252663980695,4.146557349145198,-10.643543851934751
2000-04-18,-5.140301843225723,-19.177924216529004,3.355097197081625,-11.438094480194286
2000-04-19,-3.549149613889333,-17.65984058945319,2.918364964527176,-10.485358023380847
2000-04-20,-3.4999111644524987,-17.781163153323458,3.530280602169035,-11.161873245395785
2000-04-21,-2.784013592161066,-18.961908323348453,4.842693509298961,-12.230312351564235
2000-04-22,-3.138288474152589,-19.18381305418047,3.544910675390647,-13.203910428990007
2000-04-23,-5.495755351433581,-19.135274814682994,4.331403286824589,-14.113359649109087
2000-04-24,-7.190473236952568,-18.366898089202817,4.385603294343372,-14.38355754810827
2000-04-25,-6.873877210011472,-20.023549580134873,4.36236036004463,-16.261894829609947
2000-04-26,-6.283477005251866,-19.492063829697287,3.357484687231587,-15.760732815689277
2000-04-27,-6.135858990899016,-18.24482869862142,3.556453705904399,-16.31727664328388
2000-04-28,-6.197523464141959,-17.486140510463134,4.36442619416707,-14.930270551520083
2000-04-29,-6.6088947608508875,-17.107557008390625,4.65168653774964,-13.814869544890872
2000-04-30,-7.192592780934691,-16.998749199068875,2.6959828235751937,-15.286859523146816
2000-05-01,-7.033607027545898,-16.540348972756913,0.9317059766423981,-16.083968888485746
2000-05-02,-4.9165277878333775,-17.23329190259363,1.964149171423648,-16.596785880734426
2000-05-03,-4.068299835672565,-18.00654452298176,1.2600457064028454,-17.28287463943557
2000-05-04,-3.9280678495310255,-19.82831568034664,-0.5128377084542619,-18.298257164272023
2000-05-05,-4.207392568302803,-19.713767953296102,0.35407419337889934,-18.184427794638935
2000-05-06,-3.144946199656835,-20.221150315202205,1.1014382629705017,-20.32472427261899
2000-05-07,-1.4525531580380695,-20.428927228825433,1.3603387811056225,-20.923581867318827
2000-05-08,-1.430805732775565,-20.591687860576947,1.3930802565239468,-22.279650459669273
2000-05-09,-0.8911358083756188,-21.470455654663933,-0.013091888454554557,-22.765928415846016
2000-05-10,0.46308906819785534,-22.108774100119362,0.34586052600462724,-24.4980485877085
2000-05-11,-1.4375254090536482,-22.737645872994314,1.0389741708256452,-25.692074943334067
2000-05-12,-2.2226432391480166,-22.37530439803816,0.39017838909797165,-25.92902860157289
2000-05-13,-3.332122399514088,-22.849281253306017,1.702247774430235,-27.49509776893853
2000-05-14,-4.094455209202962,-23.835865711171643,2.239739944991301,-28.052899498577315
2000-05-15,-3.2435047808340984,-24.567022350189845,2.21474453790543,-26.762096401459647
2000-05-16,-2.484095319593659,-25.19413677641998,0.6548933734968905,-25.14452719355351
2000-05-17,-1.3022334011283023,-26.949805559262,1.0601169959215024,-23.893929465646206
2000-05-18,-0.3105130212695263,-27.62431888617712,0.4133778908138279,-23.396805414676564
2000-05-19,1.3889318409910891,-29.042936673829463,1.0026154115450951,-23.550303254610515
2000-05-20,2.5868640935760565,-30.008950378296927,2.1902895982622246,-22.0326586211793
2000-05-21,2.4126171202266122,-29.727960675240503,1.10109303970253,-21.191883991081102
2000-05-22,0.3536990535681883,-28.01508459774936,0.5688164918981552,-22.170698589520946
2000-05-23,1.211991257155646,-27.37372099101576,0.593698984562588,-20.533685348503763
2000-05-24,1.5145846300181425,-27.15163260472559,1.6541464546392273,-19.551969020052958
2000-05-25,1.634929516956215,-28.171171458895305,0.919595975418895,-19.90990404822008
2000-05-26,3.6235700436045235,-30.17632084431159,-1.6756779360957479,-19.862791572090643
2000-05-27,3.306142764014716,-32.12058145252581,-2.2604247184571884,-21.696932282982917
2000-05-28,1.813751957270072,-30.54113294387926,-2.873081352460094,-21.1020321495551
2000-05-29,0.10480077563162826,-29.963845262356717,-2.769286393194716,-21.123847654816245
2000-05-30,0.2174606955418521,-30.12987108022195,-2.384735673711902,-20.833747511253097
2000-05-31,1.3915732510847563,-30.525549879665128,-2.310285210069263,-20.33191923374959
2000-06-01,1.3677610879724447,-30.178472467285744,-2.8795548675670735,-19.221385272666485
2000-06-02,1.725063966324481,-29.84143265583605,-2.5396550410090546,-16.352731992234574
2000-06-03,1.8132343967095803,-31.418814936121,-3.308423954886916,-16.38077135525873
2000-06-04,2.170865637915516,-30.599305123459672,-3.3270554428332026,-15.810491831328278
2000-06-05,3.2421075079630377,-30.890283370111515,-3.756263714888006,-15.231692680940341
2000-06-06,4.241512522785979,-29.696936895847248,-2.3864694431239224,-15.815547200182277
2000-06-07,3.640309681770503,-29.4032070903326,-2.0424149251302097,-14.70760456964585
2000-06-08,1.7611343655663936,-29.844421934427142,-2.167423367117667,-14.777063558562176
2000-06-09,1.5587017150189482,-30.681955593089366,-2.588905056304248,-14.482574757148289
2000-06-10,1.220068754823095,-31.23962691545843,-2.7582212813394023,-14.67223697246788
2000-06-11,1.950360194814797,-32.294104070998166,-0.27492630658822526,-13.297837730898559
2000-06-12,1.2772075158671898,-32.14484706761402,-0.14569681026627782,-13.960403116731205
2000-06-13,1.893345406021247,-32.328663974511045,-0.9023639652539504,-11.942641528692258
2000-06-14,0.23715066173761312,-31.3766443962296,0.015270175338259806,-13.712620251469811
2000-06-15,-0.5952701693313721,-30.952110810300667,-0.9004171933378974,-13.247689455227421
2000-06-16,-0.11325063696125015,-29.74854106202247,0.44489368955535114,-11.318556679450438
2000-06-17,-0.13640755730046628,-29.100115882200864,1.002301390011715,-9.707911315816427
2000-06-18,-0.1082558255749812,-28.954723143485893,0.09129987505049186,-10.245095269770866
2000-06-19,-0.6859896854682386,-28.939115517328467,-0.262024295574278,-9.555042072633539
2000-06-20,0.002142334061578821,-28.819736646788602,-0.17402556043821865,-9.323818415861872
2000-06-21,1.2908082676708226,-28.599077182645722,0.027810889121072185,-10.388134370606547
2000-06-22,1.268365579688455,-28.74769442088467,1.1304794001588847,-11.413287287872835
2000-06-23,3.014640247770818,-28.33361510527746,0.41365747429618915,-9.089359092557224
2000-06-24,2.0757661973803296,-27.714551935802298,-0.1214351960497595,-9.593640616575184
2000-06-25,1.8742215657818508,-29.051339625296258,-2.0343092529313624,-9.993819578269079
2000-06-26,1.1712005092926923,-28.433580587228082,-2.8715478531869048,-8.937047543541285
2000-06-27,2.130203865590151,-28.002028080036204,-2.5359242359149476,-9.539777849752001
2000-06-28,0.6503381927687804,-26.75768340661154,-2.8115539847634667,-9.722188879237292
2000-06-29,1.2803409342032706,-26.309581810437344,-2.8512776189817584,-9.668298691881251
2000-06-30,2.832291535484666,-26.91580165082972,-3.1617561497906537,-10.802127359283508
2000-07-01,2.4384253681455683,-26.65076229611749,-3.3977332200381754,-9.887563776678608
2000-07-02,1.7777768139261465,-26.194202781913884,-4.254242102911444,-9.221978280434051
2000-07-03,2.666873615897223,-28.037538964633438,-4.652132875188904,-10.610464127482258
2000-07-04,2.2421231800790427,-28.775204554010788,-3.9370266407851116,-9.33280594778663
2000-07-05,3.160751323596018,-28.583923098191015,-5.85865262109902,-8.890207599066665
2000-07-06,3.778536778749027,-28.77222477666153,-5.107019116310725,-7.653085386272369
2000-07-07,3.335700755902607,-28.273395195270776,-3.7959328808760406,-7.297125324244334
2000-07-08,3.0723316538055467,-30.38422113588035,-3.757402175735956,-8.069905054570041
2000-07-09,3.190219533889876,-29.144574498344568,-4.165068315267043,-8.260583233875852
2000-07-10,2.2698144910199507,-29.929131505418276,-4.750425415485056,-8.814023436198042
2000-07-11,2.075814398614165,-30.373149952796197,-6.3385904839335705,-8.231630295775036
2000-07-12,0.35464596335250365,-29.031371902003418,-6.28585959009218,-9.025408199210885
2000-07-13,0.2104690254107585,-29.751345186687217,-6.612928678067706,-8.535073049410114
2000-07-14,0.7121553147262746,-29.593876157847884,-7.3172071840699475,-7.776111786051334
2000-07-15,0.30387288504435495,-28.47914625486885,-5.651321260709064,-8.104877455027568
2000-07-16,1.4148878815457935,-28.45187610687,-4.986087951994242,-5.1864527994497
2000-07-17,0.8058875390319451,-26.944307630405987,-5.5630074657813715,-4.332803627315567
2000-07-18,0.3605402221926534,-27.19079846854175,-5.522007465909092,-4.592696431616437
2000-07-19,-1.4235266926475447,-28.00940736047377,-5.50206633149327,-4.253724307549888
2000-07-20,-0.20369516533342313,-27.933812601136268,-5.484621177593576,-2.137791560255478
2000-07-21,-1.4654286533124157,-28.624064666740534,-6.024900198162578,-2.5607161697247784
2000-07-22,-1.1437342446461791,-29.068318396928607,-7.092524499211897,-2.5858585395357196
2000-07-23,-1.524005417180875,-27.859529656099145,-6.46814190836349,-3.0751692599694507
2000-07-24,-2.0417796502134657,-26.993942709813908,-6.236443987446606,-2.368800534695287
2000-07-25,-2.952664072797057,-27.95979684127395,-6.421115942423175,-2.0498685500417926
2000-07-26,-3.633805756911347,-27.267425723071504,-6.605911677561819,-1.9870284737800836
2000-07-27,-3.7014670947609125,-26.22507819195267,-6.840286631538177,-1.9281698114438806
2000-07-28,-3.3895898472456576,-25.22715884383959,-6.595326154806437,-2.5943160954215747
2000-07-29,-3.8094737658426086,-24.22733474804886,-7.336549563741573,-0.9752145998312629
2000-07-30,-3.7157189995660067,-25.066578653466667,-8.060857607297828,-1.6362106769407414
2000-07-31,-3.0022727249512293,-25.15472816218845,-7.589560922281461,-0.7400289813474455
2000-08-01,-3.9874297854802454,-25.564486585543516,-7.3940067397797336,-0.209150004009371
2000-08-02,-4.860205318819195,-25.218117655324857,-7.987571932625022,0.9346901959349505
2000-08-03,-5.485990335127618,-24.35111005667337,-8.877694961172928,0.6749099359209187
2000-08-04,-4.893676514796983,-23.648275582970474,-9.910562340352683,1.1098716979013812
2000-08-05,-3.2049050688547944,-22.87697084282194,-10.502307145661957,-0.04206969313671105
2000-08-06,-3.2040444733218476,-23.34296236131625,-9.886582062559622,-0.6841020745866875
2000-08-07,-1.2364667822178366,-23.150117580779344,-10.602217524638117,-2.951232214795655
2000-08-08,-0.9995000348777341,-23.181575862277956,-11.983996399593396,-1.8826604881206856
2000-08-09,-2.04174943570291,-22.13506889515869,-12.77991519253607,-0.10752535125880525
2000-08-10,-2.1723121214947585,-22.138165920277668,-12.64029113129279,2.0929234205254934
2000-08-11,-1.985210477548962,-22.705500186282247,-11.093387938249833,2.5570603108323375
2000-08-12,-2.0300340611986645,-22.628737216691444,-9.64278500434677,3.327514333432402
2000-08-13,-1.4938411167091021,-21.526299872503504,-11.181992204920054,3.0553377823624097
2000-08-14,-1.2168679946024403,-20.821089574503723,-10.761499861175961,1.8338211992806088
2000-08-15,0.44221723443374295,-19.329442884559544,-11.268095629184707,2.3384446247048682
2000-08-16,0.6680635141172063,-19.160413520836418,-12.456239556252921,2.444739342040739
2000-08-17,1.0575789871695547,-19.76326798162728,-11.243669235091104,2.0018182147092114
2000-08-18,-0.4922195866577166,-21.388783026890167,-11.354313932239236,1.6834891578694084
2000-08-19,-2.643242411467984,-20.10077791385497,-12.434311665034258,1.698190169262832
2000-08-20,-1.748416728403978,-19.694368048958335,-12.654459951069294,-0.7556746916801012
2000-08-21,-2.7212490010417736,-20.010357259251276,-13.115237721605157,-1.253007152932106
2000-08-22,-2.9408915246396177,-20.90677224818254,-12.395623479085813,-0.281578142402667
2000-08-23,-2.803260932006036,-21.160327250721544,-14.376724335001553,-1.6875227187187716
2000-08-24,-1.3539742464725446,-21.40725005458415,-13.894473196132855,-0.4844361132439934
2000-08-25,-1.7951037057528594,-21.401869043457776,-11.55864625235707,0.6390974382571841
2000-08-26,-1.9600069062978405,-21.94211979858091,-9.871646383360446,0.8425884881500514
2000-08-27,-1.4795012854726717,-20.626088590665056,-8.359343668038195,-0.541302957208943
2000-08-28,-1.9951527753114369,-19.79642673591882,-8.041119649935913,-1.239219964281248
2000-08-29,-2.2080927324891695,-20.567919141496663,-8.32321226368531,-0.07604651686639996
2000-08-30,-1.973151701313339,-21.55750198894647,-9.024867969284134,1.0261181260376522
2000-08-31,0.2315938665174655,-22.301372149409616,-9.399740637612236,-0.1194913179619359
2000-09-01,-1.2849864060816178,-22.607490185265103,-8.271746874329374,0.5574381264645525
2000-09-02,-1.9566464739792324,-22.770608234896322,-6.98394181895052,1.4360763081312864
2000-09-03,-2.24080647922944,-21.821988740484944,-7.40669564564491,1.5710974195061003
2000-09-04,-2.8432274826995316,-19.386333252088814,-6.48301865436838,1.919994125997281
2000-09-05,-1.721800147162522,-19.281798971163663,-7.206678446199526,0.6430900671373145
2000-09-06,-2.207756027214913,-19.3884476852321,-8.64439364671211,1.6016114012924283
2000-09-07,-3.754601234762303,-18.568185327834872,-9.717214379676635,2.3520037730678816
2000-09-08,-4.813082769057302,-17.589295569840107,-8.532312236218027,2.8976791102048
2000-09-09,-5.481271133898324,-17.857043381947776,-9.427592188314186,3.6882853524006656
2000-09-10,-4.665384916574352,-17.53261889995896,-8.839850973516093,4.281357161399518
2000-09-11,-4.078798811719442,-18.401092551409736,-8.408349248388014,4.235265263826609
2000-09-12,-4.227313867647926,-18.768285575193957,-6.954060443054793,5.139542099399023
2000-09-13,-4.279057388608698,-18.75424041697165,-6.459681116104913,5.3555544361821585
2000-09-14,-5.296594732879805,-22.073556598734207,-6.083464683349838,5.09150760760629
2000-09-15,-5.025244371827038,-22.00229094082188,-4.947634116514182,5.110966776953513
2000-09-16,-4.415180275902691,-21.606422176731094,-5.42679176022828,7.320568545333481
2000-09-17,-4.811724402481639,-22.04275838604304,-4.817909487838675,8.577417144510912
2000-09-18,-5.148320970219782,-23.222437361878107,-4.862214266532139,7.981941961676499
2000-09-19,-5.106358448823312,-21.625507510836094,-4.912602692507315,8.736983940128415
2000-09-20,-5.095335985612108,-19.7066742424273,-5.485728111866871,10.25646867385677
2000-09-21,-5.488541451363584,-19.282730215041177,-6.654241851437549,12.443461357513167
2000-09-22,-5.107807035980305,-18.43144298065134,-5.978132647469984,11.199297566153902
2000-09-23,-5.648228594312444,-16.78915817206584,-7.001428192085154,10.731321500871639
2000-09-24,-4.92941034477598,-16.530980221042608,-7.632678839079338,11.058556778960291
2000-09-25,-4.881609921608455,-15.975771534391054,-8.943386311824039,12.598433385319156
2000-09-26,-6.000981220257523,-16.356160721700036,-10.60951875266139,13.490960695921167
2000-09-27,-6.02378088755089,-15.128409347431466,-9.73034820058523,13.121400077120144
2000-09-28,-7.197768929213221,-16.06870667524804,-10.162816691125645,13.737670960540703
2000-09-29,-7.419379441098094,-15.254216082811396,-9.32094577287199,13.138687986184184
2000-09-30,-7.950828557964167,-16.08876140555241,-10.600686935057954,13.861837199368386
2000-10-01,-8.375521388362904,-17.32189044158389,-11.853016260062159,15.262455779525826
2000-10-02,-7.749893601557162,-17.387384430335757,-12.361118067128123,14.605632778697604
2000-10-03,-7.528008214776704,-17.388200428664707,-12.984923827604959,13.520250840658852
2000-10-04,-7.182065157244087,-17.301610858634593,-13.422323689811236,11.664857921627746
2000-10-05,-9.262659306606823,-16.153840200908665,-13.904434333356173,9.929947453918187
2000-10-06,-10.209437376170328,-18.17376611793815,-14.600249102867027,9.779655070802274
2000-10-07,-9.35668813403215,-18.09645326731402,-15.532858354187436,9.035200544553387
2000-10-08,-8.222163364480018,-18.289243582943584,-15.339726036893852,9.961935926895496
2000-10-09,-8.973368041239514,-18.635862719578178,-16.606822523849768,10.085649397486762
2000-10-10,-9.850630785189905,-19.9016299883962,-19.252963652034165,12.116425052784106
2000-10-11,-8.998617135378083,-21.49586590150141,-19.99490129407826,12.003921475487488
2000-10-12,-8.649846415934933,-23.152348039866986,-19.186903344991176,12.681732167653472
2000-10-13,-10.301804243934974,-22.61337861813887,-19.71216974500526,14.29854583006404
2000-10-14,-10.01022699709211,-22.538996211456297,-21.042693493304604,14.20799515192829
2000-10-15,-9.528825924072958,-23.250261915654175,-20.53954823839739,14.68208272736011
2000-10-16,-10.45370438048836,-23.381050573607176,-19.31239894186565,13.361741791879531
2000-10-17,-11.72084710031158,-24.473166155020703,-20.414859207658886,13.131835773381246
2000-10-18,-12.136458249784198,-23.077792101592287,-19.605608203293333,14.415855822085065
2000-10-19,-11.98998111139901,-21.073314247897095,-19.415352403307324,15.371325658958224
2000-10-20,-12.757371234601438,-21.008642676162196,-19.621274358763387,14.557507429663133
2000-10-21,-11.535885075448519,-20.55097101339671,-20.905333594558076,14.875116766000252
2000-10-22,-11.202418112660027,-20.133814986156644,-22.272033490418917,15.34255306242912
2000-10-23,-10.712453141200273,-22.470358522481718,-22.5958083141456,15.827081871889797
2000-10-24,-11.103778389763653,-21.976134639508004,-22.435029644656456,16.597957336596945
2000-10-25,-12.403642876719678,-22.057317216143158,-23.81865565882744,16.612507356366912
2000-10-26,-11.34479158094015,-22.13939381336484,-26.54831543435117,16.67497466360637
2000-10-27,-11.202358728353023,-23.580203923783642,-25.761009564301197,17.450957770085605
2000-10-28,-11.493667766006348,-23.805642885890943,-25.560176685120993,16.681950367067028
2000-10-29,-10.972994275172496,-22.317596088258778,-24.677223630604093,17.29501193329894
2000-10-30,-11.068807331410216,-21.26258124560514,-25.80583046465752,15.81471484577344
2000-10-31,-10.138114161425019,-20.367043865588997,-25.99101184533238,16.719192282394385
2000-11-01,-9.087762701244714,-20.784431123607813,-26.166435287548662,16.5770256506683
2000-11-02,-9.202314689463961,-22.00143839434453,-27.034799212194248,15.520227443604963
2000-11-03,-8.106895708297541,-22.826018036533572,-27.196716566424133,15.966267337832054
2000-11-04,-6.261016931363621,-23.536092679020783,-29.07527844032221,14.016565832109048
2000-11-05,-5.511084425290423,-23.002616088733845,-27.98780962409756,13.744313720201191
2000-11-06,-5.545167735167268,-23.561231050064244,-27.939110044626258,13.822905802344687
2000-11-07,-6.3692517180378765,-23.64928097931047,-27.719724832687717,14.956797964112411
2000-11-08,-6.733993545179844,-23.162739215420803,-27.53974385913889,15.191447320450235
2000-11-09,-7.847300867178529,-24.966592021702702,-28.08076779798461,13.577197987493896
2000-11-10,-7.586476169724261,-24.45629413384415,-26.320440200307885,13.807281004245404
2000-11-11,-8.818588861525932,-25.413831104469466,-27.56838519116512,13.904765497983137
2000-11-12,-9.622240321457117,-26.57187938254998,-27.274795471852,12.417643450658753
2000-11-13,-10.36383023335313,-26.642068891347126,-27.80045953016287,11.470939391009939
2000-11-14,-10.879975580622133,-26.149883628101392,-27.387453846814388,12.199217821635354
2000-11-15,-11.226718556346823,-26.57753348834483,-26.375797929596686,12.453710550864995
2000-11-16,-11.873375250675364,-26.668033554248325,-25.02920970211108,11.282320523207543
2000-11-17,-11.40962151985697,-26.359907637975358,-23.11084494374241,11.84842047887125
2000-11-18,-13.57029572390175,-26.332584296198366,-21.154503732405004,12.796620305194303
2000-11-19,-12.973875113687289,-26.53100068557198,-19.928811696679848,12.345319837589036
2000-11-20,-11.89218407084187,-26.92249926607224,-18.947985533329398,14.28183887057815
2000-11-21,-12.656781677180682,-27.418601922718224,-17.035131635187135,14.416670818830156
2000-11-22,-12.278307841291447,-26.356565198129672,-15.986280414446249,13.633640908471373
2000-11-23,-11.706433195979779,-26.27961852777842,-15.753401455257954,13.405557136558794
2000-11-24,-12.426002991427751,-26.157977866398657,-15.308428987377743,12.510747208970965
2000-11-25,-10.845655620307026,-28.265717377197266,-16.35292692670678,12.942272587131423
2000-11-26,-12.001885260990527,-28.819556475700796,-16.09565112123786,12.591058550820538
2000-11-27,-10.563100516123292,-27.77240636262326,-15.998377289594503,13.708284145442827
2000-11-28,-11.119046746595725,-27.213563113625387,-15.800279266612067,13.545190146601591
2000-11-29,-11.829426054149256,-27.33863828568817,-15.65229330841718,12.92079923123367
2000-11-30,-12.150818785355852,-28.73770641871971,-15.187874828468965,13.644963512095742
2000-12-01,-13.726108994907056,-27.73636875021564,-16.017310490775856,12.968886580314726
2000-12-02,-12.771093197920184,-28.61777163792652,-16.677648955414366,12.977474430832604
2000-12-03,-12.461746131265253,-29.056714677729207,-16.74069851525366,13.172306899186042
2000-12-04,-12.809221288746675,-28.784646426275483,-15.433685867236909,13.058999693007992
2000-12-05,-13.80514791474661,-28.757680368489652,-16.59467972573493,12.617987298282214
2000-12-06,-13.459611704268372,-28.037470958531845,-15.223039977708336,11.83092747796009
2000-12-07,-13.031089978156459,-27.889330821986768,-17.186921431014778,11.315901199094007
2000-12-08,-11.442016116969238,-26.37652366898438,-17.314783317498332,10.91903143319588
2000-12-09,-11.180645475435178,-26.603819487786424,-17.24263295452131,11.468941188933064
2000-12-10,-13.37824379469936,-25.789141154627902,-15.950117064608047,12.32399948982611
2000-12-11,-13.886282949948862,-25.87097681730313,-16.712629891880617,12.499572495205523
2000-12-12,-12.141274002650617,-25.423319966836562,-15.78022517628995,12.595700633121556
2000-12-13,-11.794466861118366,-23.73302279648358,-16.02472718426448,12.235661212699775
2000-12-14,-13.051311052485008,-23.955090078093516,-17.166982544332722,11.810257917043357
2000-12-15,-13.742800020110893,-24.21682434702686,-17.56189860158552,12.196333303789642
2000-12-16,-13.890839364634589,-23.704840682488776,-17.204559497366105,11.643359426787647
2000-12-17,-13.917225009228497,-23.474067517193237,-15.850320811779916,11.992558018107886
2000-12-18,-12.498596771318468,-24.488181360197878,-16.862395283972326,10.81447188147094
2000-12-19,-11.688482889863444,-24.392023800018436,-18.652529801405812,9.985907913510646
2000-12-20,-11.051494666651877,-25.01752112279196,-19.516566571981972,10.041968347343376
2000-12-21,-11.332977727238237,-25.5061023705302,-19.57467315412104,10.628463771459177
2000-12-22,-10.43860555293317,-24.597677316365036,-18.728031715987804,11.511671605549196
2000-12-23,-11.526944703977673,-25.497354915309664,-18.875322201634205,11.917350544467457
2000-12-24,-11.860910643316737,-26.053576102251395,-19.187015890670185,11.527446446134839
2000-12-25,-12.63547341196194,-26.97167005500981,-17.814092750300084,10.274867409363788
2000-12-26,-13.303108131269829,-27.242919063769342,-17.602278972825456,8.100981820602264
2000-12-27,-13.327602474800095,-27.126431460714464,-17.090440386220113,9.107715629706384
2000-12-28,-12.847434257607441,-27.098693811467367,-17.71472950351709,9.562974754986712
2000-12-29,-12.531526333207692,-26.807411799125248,-18.331602381824467,9.526502110603143
2000-12-30,-12.540531791761953,-27.29625954363565,-19.295750438086188,9.44163066618561
2000-12-31,-12.972979766894737,-27.151218538621364,-21.30841897197539,8.330270026958498
2001-01-01,-12.74936122441499,-26.4086224465418,-22.4518210016727,8.88457358267957
2001-01-02,-11.88275584045122,-24.679239195609053,-23.07078625115026,8.290285153356221
2001-01-03,-12.076237393928928,-22.573762989392954,-23.8318981720556,6.265570018355334
2001-01-04,-11.546264651979302,-21.99483940745724,-23.28809104240578,5.249175818233519
2001-01-05,-11.296781917952936,-21.69413204178493,-22.99003465976731,6.081613232385706
2001-01-06,-11.418684919838553,-21.976334197092818,-22.510771547959333,7.237794228781042
2001-01-07,-12.0485629041299,-21.170212383774736,-21.827836168523014,7.069041308464063
2001-01-08,-10.74534232533565,-19.952383896509286,-22.79006018560658,7.27765287701753
2001-01-09,-11.84682456261205,-19.979428245888567,-24.384993490962536,6.4561960887496985
2001-01-10,-12.879428987747337,-21.394727731592624,-23.39302161572302,7.401583414907911
2001-01-11,-13.294955311467358,-21.636337051881277,-22.03177875038792,7.8345280904756365
2001-01-12,-13.367937114252712,-22.19216142800077,-21.902881696031535,7.084254887525827
2001-01-13,-13.384766507729944,-22.178837910204937,-23.16447653522516,6.873319367612226
2001-01-14,-13.692670827540962,-21.90719884548558,-23.829226443125474,6.195901732031176
2001-01-15,-13.088733550261617,-20.92243082396217,-22.452022595951536,4.339846732853927
2001-01-16,-11.353737059374552,-20.949606636558194,-22.329330639464565,5.103803289284199
2001-01-17,-11.888485393210106,-18.89992508814077,-22.11566569384786,4.611063848133808
2001-01-18,-11.288600730176318,-20.3389477516443,-23.322974066936286,4.785181371470833
2001-01-19,-10.404044849422936,-18.75941184088492,-23.135850711689365,3.9805785947902317
2001-01-20,-10.719731831181152,-20.21761350563951,-22.4528478565611,3.4990599976366568
2001-01-21,-10.929159187524354,-21.711206817277372,-21.872666065692535,4.6825819358612595
2001-01-22,-10.41046693885581,-23.388604011467013,-21.74810105454606,4.195668209851982
2001-01-23,-11.744310979657802,-22.621518716346536,-23.024639006619857,3.21800016975844
2001-01-24,-10.781894188395615,-22.783923685897687,-23.16928147887845,2.332974233450493
2001-01-25,-10.934160051870762,-21.168945864698326,-23.986147227425704,1.1832578773005855
2001-01-26,-12.300089835614402,-21.485572764401244,-23.344873564891287,1.419982924979153
2001-01-27,-12.634117915801196,-21.36679319940322,-23.993865425459788,1.2207755939938252
2001-01-28,-13.312956107551312,-20.893618174930108,-24.980982763879904,1.5385808205451803
2001-01-29,-13.706905547422016,-19.459259035618302,-25.544246947998367,0.8187109223633079
2001-01-30,-14.266835374484378,-19.52439296490131,-24.444843375665826,1.698280123690004
2001-01-31,-15.83890549664185,-19.227415621928614,-23.194726503754865,2.05118401945687
2001-02-01,-16.74009667149841,-18.22028589377403,-22.889627566894415,2.706633659675861
2001-02-02,-15.16207938652744,-17.58385777503827,-23.177069989058058,1.5148035757191138
2001-02-03,-16.354523579069,-17.99610501292676,-22.473590582912376,1.2911140043690574
2001-02-04,-16.367583252450977,-17.874193161039173,-22.324256974816873,-0.11565253518896079
2001-02-05,-16.522821733947033,-16.636772234647893,-21.498558566374502,0.5734779229305126
2001-02-06,-16.6860181643556,-15.701566094025353,-22.515235722707224,0.40473569391282815
2001-02-07,-17.453125057053754,-16.469626178860224,-24.16837874042616,1.4159495422287678
2001-02-08,-19.394152013716166,-14.974149969337876,-24.410917313965793,1.543260087705739
2001-02-09,-19.724101984575046,-17.360363067435188,-24.487525070833055,1.4601856614094275
2001-02-10,-21.514456284625528,-16.816922882111136,-25.907572583406747,1.7848753903850951
2001-02-11,-22.025944556998855,-17.397853703290497,-26.639189370385335,2.235221833360373
2001-02-12,-20.88093681289211,-17.464550196307172,-28.619329281310865,2.3018872592047175
2001-02-13,-22.734613663468007,-14.005102157964977,-27.903895715799667,2.000255806773564
2001-02-14,-24.399177570091915,-12.136287867822428,-29.107420558682225,0.9418394109514381
2001-02-15,-23.739668635644833,-12.6441685776201,-29.986852603624282,2.3362160245895804
2001-02-16,-22.87866994253423,-13.412041214121004,-30.18960159535793,2.8692043500641686
2001-02-17,-21.759269706881813,-14.627372013654242,-29.63822586874813,2.8130340463915746
2001-02-18,-21.45634565092731,-16.10314477682808,-29.189440313818512,3.403117905945378
2001-02-19,-22.810933918314824,-15.833817272299765,-30.252261129924367,2.8202777734227777
2001-02-20,-23.80106376790192,-15.119059121304987,-31.175676728762575,3.7323511369832616
2001-02-21,-24.156189264606567,-15.162377458329432,-30.357506708759523,4.271820946240368
2001-02-22,-22.194837985471665,-14.802595421386552,-30.667037855508084,5.746529850421615
2001-02-23,-23.25911401953463,-15.267505634019937,-31.19410180771435,4.879014432891885
2001-02-24,-22.422117727704663,-13.377994912157718,-31.035962014742044,4.14775290155033
2001-02-25,-23.84181266716115,-14.233081484418145,-31.330243178662105,4.079787312946225
2001-02-26,-23.302722460420853,-14.05894625638046,-30.612173699727382,5.733337079463614
2001-02-27,-21.671660324332713,-15.420017380125516,-29.38793979672849,6.805792972518679
2001-02-28,-22.379005912919233,-15.203333651800696,-29.587764252500012,7.816146620222244
2001-03-01,-22.472738408333516,-12.762891444353475,-29.730091312018025,8.037852622699544
2001-03-02,-24.430288394076797,-11.652314666549012,-30.622153562254848,8.092109508840633
2001-03-03,-25.62139068542501,-10.963404135535516,-32.53325927868188,7.911793905490855
2001-03-04,-26.884345432498396,-11.171794199766108,-33.40281791477441,9.780070324475444
2001-03-05,-26.770476797962043,-10.79326553447133,-32.1387343195055,8.591768787476516
2001-03-06,-26.72369480941726,-12.584203029563433,-33.00809928056482,6.911864940638598
2001-03-07,-26.397247670268893,-13.803179915240957,-33.649240105246584,6.0517997410977715
2001-03-08,-26.094343020677627,-13.040342242693793,-32.425945665230806,6.381321659768148
2001-03-09,-25.65700989368933,-11.42309208335554,-32.24771501815511,4.760648345357389
2001-03-10,-26.10895539040437,-12.5137085281103,-32.60630868134417,4.412027835734165
2001-03-11,-26.54325873284094,-11.303743097271362,-32.29565152140725,5.2213590040202025
2001-03-12,-24.562268016242147,-10.605451078409157,-32.077065326087144,6.554563005570722
2001-03-13,-25.01785065792504,-10.824179354713413,-31.311843685626254,5.393142692731489
2001-03-14,-26.432885133940502,-11.93622318817274,-29.092361328322504,5.451371539808283
2001-03-15,-25.611419838419696,-12.303886942093973,-28.003461441921004,4.7645120180347496
2001-03-16,-26.0388172957256,-12.941865760535881,-28.300808820721866,6.124206560192576
2001-03-17,-25.615461636907465,-13.088542951160795,-30.095148514588885,7.029288061204968
2001-03-18,-24.45716997093687,-13.050185608436498,-28.733016042447822,6.447538570065108
2001-03-19,-25.746535753335422,-13.867084950823207,-29.01042513474292,8.37004830621924
2001-03-20,-25.798492204744555,-14.579345117529595,-27.908120278595085,9.316467896895073
2001-03-21,-26.423588281308405,-14.484183120428302,-27.34900467779955,10.19432803681814
2001-03-22,-27.36118509051509,-13.463000808242345,-27.88101613454051,11.358283962351695
2001-03-23,-26.58501467352084,-12.77041511181278,-28.706636849194943,12.938395341384874
2001-03-24,-26.660244812992357,-11.062853600185743,-28.63406287342201,13.632510826886255
2001-03-25,-27.349038319548487,-14.513203560969169,-28.783113541813773,11.819819148717183
2001-03-26,-27.37090439008704,-16.20835319634949,-29.963513300142992,12.519524616955945
2001-03-27,-27.911459556899196,-16.940584936393485,-29.38427499972368,13.667535596213751
2001-03-28,-28.057107969944575,-17.72855533807001,-30.774454470384335,13.277162718659579
2001-03-29,-28.202570739829834,-18.485360219059338,-30.224780227497956,14.480783572601815
2001-03-30,-27.153800520691757,-17.39987783954796,-29.484850521939,14.377028172080855
2001-03-31,-27.338339810497576,-16.47612859145652,-30.091039154844736,14.373013427547022
2001-04-01,-28.795097065288463,-17.38052914727281,-30.412121790119947,12.830977639530529
2001-04-02,-28.174216273934693,-18.05683358079923,-31.704876822950133,11.45089735518048
2001-04-03,-28.000494431789463,-18.676462328635765,-32.32823294406727,10.52433676846361
2001-04-04,-27.72023211018611,-18.910455914275996,-33.291277578882124,8.95886918799638
2001-04-05,-26.378668540516237,-18.816615141343256,-34.47008861208782,10.376662039771919
2001-04-06,-25.98639225854105,-18.064495292566537,-34.45014779975489,9.165345837253547
2001-04-07,-26.043826414472846,-17.24945017357605,-33.247318098482566,8.51384422180368
2001-04-08,-26.056570933162686,-17.15620294994947,-31.9790223672599,8.156103095922962
2001-04-09,-26.658947372434792,-15.975142190098312,-32.61322522974853,7.495161094243596
2001-04-10,-25.48893510988971,-14.953434882819426,-31.35751126078363,7.658765555997346
2001-04-11,-25.088793909512695,-15.061371809993544,-31.20061361930166,8.382528081015417
2001-04-12,-24.48931727243454,-16.72220753290793,-31.879055728664778,8.036195297447577
2001-04-13,-22.46426975429914,-15.910026923568038,-31.970680340475358,9.487862770551375
2001-04-14,-21.87180914357086,-15.732100808001775,-32.24955942162009,10.522589732598957
2001-04-15,-21.485631741046102,-17.098080576612197,-30.43470882792107,11.596466830259457
2001-04-16,-22.827711633643506,-14.845174188812603,-30.120075439414062,11.85262267933394
2001-04-17,-21.608695871808344,-15.410013154223611,-27.84603791257433,11.980666724631481
2001-04-18,-21.51912110724118,-15.632092679791294,-27.60218832735709,11.164075336311605
2001-04-19,-23.393367827540093,-15.533878596131498,-28.03601765015691,11.520806872742472
2001-04-20,-24.164680701348875,-17.13544758118522,-27.57633126806641,10.825987054142749
2001-04-21,-23.15807666448672,-17.315128391295477,-26.945616413018808,12.15105433986079
2001-04-22,-23.281738529714683,-18.043454466459156,-29.144993769519868,11.445348672108256
2001-04-23,-24.171511690459386,-17.279026059341742,-30.81658158712363,11.328224085428658
2001-04-24,-23.808104194159828,-17.82284007536083,-32.28397684758379,9.410000528879625
2001-04-25,-24.182903671173406,-15.097776363082245,-34.71068459767105,9.155773803313002
2001-04-26,-26.22809632834004,-14.46001498320263,-35.89586933214995,7.6372805310706084
2001-04-27,-25.405409766724315,-14.795343737142916,-35.46833955268083,6.3891004938179545
2001-04-28,-23.88733071597204,-15.175507814177454,-36.37734439680763,6.745755693819218
2001-04-29,-24.41778930240659,-14.811638938334697,-36.842184938196,7.831459104640449
2001-04-30,-23.71774361312475,-14.263008035827212,-36.65690774474715,8.118594142558091
2001-05-01,-24.413086969114662,-15.522032089013713,-37.492141671137944,8.589718874679628
2001-05-02,-24.59153177176901,-15.437830536516339,-37.16806075601042,7.854530150478338
2001-05-03,-22.51642118061047,-15.255503079788978,-38.0887396876106,10.016419210276784
2001-05-04,-23.480999761326515,-13.475882539704745,-38.57238147861945,10.690702743796821
2001-05-05,-22.63192066413728,-14.700971777513976,-40.10072872681504,11.540027068999391
2001-05-06,-21.834638043401263,-15.633396238557571,-40.58741488172496,11.420233074837395
2001-05-07,-21.64328389616087,-14.785608016753907,-41.61255900729773,11.567293284804046
2001-05-08,-20.037734724359222,-14.231051447118535,-41.82189521943307,12.391975503651608
2001-05-09,-20.399781976418108,-16.026982090064987,-39.531280755262955,13.49945374501605
2001-05-10,-20.12330303340748,-15.904978336592853,-40.28943914364329,12.977285496978187
2001-05-11,-19.34573172847082,-15.542867558740582,-40.522422285939534,13.794879951780253
2001-05-12,-19.29407231756708,-15.529995922601472,-41.194551415555786,13.984801039303099
2001-05-13,-20.40509395625528,-15.673119514776822,-41.4733979421069,14.581835297699852
2001-05-14,-19.801984962760482,-16.308381838917562,-40.64531308963863,17.138721053394583
2001-05-15,-18.98828164044626,-16.503352192752192,-39.71981858767709,17.486878035315154
2001-05-16,-19.928664841963528,-15.877224830584488,-39.47805600211984,17.687986787697064
2001-05-17,-20.40482214171515,-16.60445702452944,-39.86779879351587,18.218661873861546
2001-05-18,-21.236519925270596,-17.9770339218967,-40.091349152535976,18.56284927072989
2001-05-19,-21.61291257392697,-18.90584759982809,-39.97145610920773,18.786912670585632
2001-05-20,-21.445263425281304,-19.610702107829322,-41.21072362997732,18.850051190226257
2001-05-21,-21.631626391041962,-20.165708536205535,-41.78078848095154,18.305558832600568
2001-05-22,-22.650230002038175,-19.770325986390517,-41.595997958278474,16.244506535448515
2001-05-23,-22.157277932070496,-19.046206600720826,-42.27645372712997,16.264566703796117
2001-05-24,-22.46837081090281,-17.876387262428402,-41.73642087750527,15.260766699748897
2001-05-25,-22.72497075116561,-19.215182162266906,-41.626853959946445,15.493267143626895
2001-05-26,-21.977510199017207,-18.273584602490953,-41.73345316998866,15.074888844230959
2001-05-27,-20.808334840363337,-17.328774418613673,-42.55142951932072,16.71588558506292
2001-05-28,-20.645006697243065,-17.515821425445022,-44.21398020767303,16.238814686486947
2001-05-29,-20.889141868909743,-18.052600014972825,-44.94693003802201,16.672645502831376
2001-05-30,-21.120819637426077,-17.36271440750118,-44.31791349847548,17.347878214867706
2001-05-31,-21.113780056770008,-15.354337302875665,-43.8414767167967,17.671705395150823
2001-06-01,-21.057107124343702,-15.773369510302468,-43.74538474271347,17.190848518899447
2001-06-02,-21.13005707198037,-15.489561155441326,-45.01679710924981,16.982025135917095
2001-06-03,-20.076379965092222,-15.611369598868256,-45.72214987156973,15.562707830728778
2001-06-04,-19.997575463108472,-15.899182636786962,-45.13358402171768,15.399165929750453
2001-06-05,-18.49009038531876,-14.594153093124197,-44.46041073732414,15.248440854665608
2001-06-06,-19.226547671164692,-13.572813028201908,-44.512996208022,15.27208334576758
2001-06-07,-18.048574826464446,-12.943398441318635,-45.10401758829777,17.331346192224448
2001-06-08,-17.27083815293793,-11.557643334889175,-44.553488669381316,18.72741798700513
2001-06-09,-19.789725759383124,-11.84120413799118,-44.81306296230492,16.68511357849662
2001-06-10,-20.291714808593667,-12.669455884089066,-45.490980873423545,17.466316163955
2001-06-11,-20.8519621017079,-13.954340318777836,-44.43613690202148,17.656489338725677
2001-06-12,-20.71674069767618,-13.69043799093582,-43.08055255155938,17.522909241400736
2001-06-13,-20.606336006196766,-13.142258349191083,-42.13662890812958,18.15845222073185
2001-06-14,-21.473697203801905,-13.260063605088169,-41.941903135144564,18.450569212099197
2001-06-15,-22.08579213096937,-14.17961594386392,-42.11630046321284,18.264952665342197
2001-06-16,-21.54373177401063,-13.92845276958716,-44.195960327746654,18.21695791888749
2001-06-17,-22.05710222857162,-13.514973352708163,-45.45802068479141,19.55912368381789
2001-06-18,-20.672054392993925,-12.803882222064406,-46.09149633355084,19.071876827293494
2001-06-19,-20.402935671758172,-13.995249270000159,-46.34570238741309,19.932717973113235
2001-06-20,-20.684198604326795,-13.365538659725933,-45.98997885644035,21.010592212088476
2001-06-21,-19.802256676925072,-14.05380194598608,-44.47349336760618,20.945505245368654
2001-06-22,-20.603374455507723,-13.553898286596745,-42.69512642466711,20.10086706498517
2001-06-23,-20.36899772180294,-11.9541309120827,-42.492640214881014,20.402179820733828
2001-06-24,-20.21760650629471,-12.541361585014158,-42.540420580634034,20.317805254137024
2001-06-25,-19.200898480694317,-11.262831911625144,-41.86873869494571,20.119894409286417
2001-06-26,-17.266974996531353,-11.700128291654,-41.50010094928281,20.89813508207639
2001-06-27,-17.32589753097274,-11.894672354860061,-43.2202686018897,19.428267799971994
2001-06-28,-17.136017535089017,-12.785886347665857,-41.57522959279368,19.911992359257397
2001-06-29,-17.683582434217076,-11.950980263552434,-42.084644501914816,18.266909142369474
2001-06-30,-18.786057286631852,-11.138048363315962,-40.03961520919584,18.288566421954407
2001-07-01,-18.199260395880316,-13.236682153557274,-40.075883064151434,18.356174006489496
2001-07-02,-20.07653638582766,-13.396398549712606,-39.22193346661102,18.251039117168673
2001-07-03,-22.45255710202375,-13.702417397332672,-39.27691240457646,18.336095056945766
2001-07-04,-21.810555954762716,-15.169392179108215,-37.80111942423522,17.34293781014947
2001-07-05,-21.94172890138292,-15.44339495161511,-36.44476713125232,18.252483579925883
2001-07-06,-21.78795849261057,-16.610909086250935,-35.85544650388809,20.112113960203832
2001-07-07,-21.706839718803515,-16.751588398697507,-36.571913647744005,19.851935381682065
2001-07-08,-22.527420481906116,-14.387751139312652,-35.81815582184527,22.06505043810577
2001-07-09,-20.891104844126648,-14.42481532436001,-36.8143515808629,21.327607749239537
2001-07-10,-20.957387174190515,-14.252950999361724,-36.764147168119244,20.61253496061104
2001-07-11,-20.204528133392387,-13.699577608604693,-35.98679052395518,22.79691313796461
2001-07-12,-18.973768600342154,-14.019396770342814,-35.48114162342198,23.686126898579392
2001-07-13,-18.460518064425667,-15.489168463707543,-34.06846932816851,24.76284551284975
2001-07-14,-19.951557753488103,-16.829318217740266,-34.70640772847593,25.652802668078632
2001-07-15,-20.510168728126555,-16.69448953859454,-34.99208151808483,25.193497151009886
2001-07-16,-20.352580270631933,-16.631965382977405,-34.67354222691283,27.526795163064666
2001-07-17,-20.948851862759437,-17.889836160965157,-35.725416642354176,26.971778771221263
2001-07-18,-20.92116544520179,-17.49072736068178,-35.415913985181135,27.963818326697044
2001-07-19,-20.400748579602613,-15.926571954736291,-36.8779033013164,27.24970015799681
2001-07-20,-20.43011564195649,-16.665699392518412,-35.456784025090066,26.95600980060036
2001-07-21,-19.932839900017346,-17.79699495269724,-34.83806988259409,29.684264670228835
2001-07-22,-19.531131382027453,-16.610208898854236,-35.62794253697532,29.371836294833322
2001-07-23,-19.90353507206076,-16.794181861722553,-34.56520239796378,29.136884369226145
2001-07-24,-19.895280711327015,-17.945252013678115,-34.392524079357784,28.56159584103947
2001-07-25,-20.378989995115464,-18.37956502680574,-35.46798134685259,28.275864562236084
2001-07-26,-20.588189670007996,-19.049040887234778,-34.09816043979846,27.199054906748188
2001-07-27,-22.715864352709996,-18.901474815327674,-34.61805775194034,26.60794085941305
2001-07-28,-24.263348166266816,-20.945738172545564,-34.523403674414304,27.600099602325702
2001-07-29,-22.724295366235207,-21.5475350948937,-33.56378344905716,27.115087235274753
2001-07-30,-22.379320793222174,-20.812622833732107,-32.77514881311463,26.627245248461676
2001-07-31,-22.612925433180294,-20.45646799393334,-30.825501822846636,26.030723900722077
2001-08-01,-22.7118396720059,-20.850197302504316,-31.37433763026606,27.606735003245483
2001-08-02,-22.648121045320174,-20.1049247710488,-31.81642054166584,27.016166229831978
2001-08-03,-22.816355700033043,-20.538156124816776,-33.06743422659545,26.970015339492967
2001-08-04,-24.010354435033754,-17.751154327759135,-33.37044983555358,26.68758394046486
2001-08-05,-23.518759881804147,-18.06287228288047,-33.65248366435568,25.219074588737207
2001-08-06,-24.112863866081785,-17.297760911511922,-34.72716850821982,25.28234781821953
2001-08-07,-24.23635936563468,-17.999286302512516,-36.02038148957775,27.084570839765426
2001-08-08,-22.317509543401396,-19.627573459361347,-37.29010837261006,25.64486839001169
2001-08-09,-20.76568886435165,-17.970523921437366,-37.35936994859411,26.315108968383733
2001-08-10,-21.291243677101747,-19.14431372732971,-36.83270180753411,24.326004375313104
2001-08-11,-21.736497235361778,-18.211913434614193,-36.4195819308552,23.628348470445797
2001-08-12,-22.662786612675692,-17.674238706169934,-36.18075979169045,23.81846283702509
2001-08-13,-24.43723495410833,-17.715479469388786,-37.30241722415986,23.145309830881523
2001-08-14,-24.169799341421452,-17.470408685524706,-37.63195373937774,22.748566128934208
2001-08-15,-25.315207040161734,-18.060350229932453,-37.55260967758838,22.63699606813514
2001-08-16,-24.848619535165643,-17.162541364324795,-37.42769046206642,21.38892508348491
2001-08-17,-23.66680016545556,-17.763328062338196,-36.92753237917985,19.095672125338954
2001-08-18,-22.341136043182335,-17.457058882331644,-36.67985792093755,20.12984410411377
2001-08-19,-25.60162844092888,-17.763991075866194,-35.539164859523126,19.280179457566675
2001-08-20,-26.29348749851234,-18.52253331578263,-34.25399984041409,20.04509911285029
2001-08-21,-23.764113051714922,-17.410554393471195,-33.47592417532613,19.55932947505217
2001-08-22,-23.301542677079638,-15.832514516024506,-33.011314324743,19.140294093199316
2001-08-23,-23.598189627638885,-15.413633892791783,-33.01716720338294,19.690810683319416
2001-08-24,-23.232998791032834,-16.657728397972466,-32.1013868705142,20.452882794684225
2001-08-25,-22.99374962291915,-16.340438402475765,-30.062839878605285,21.54716745437247
2001-08-26,-23.90902177270007,-16.650010644942185,-29.317205883884135,19.281606444737026
2001-08-27,-22.786884824526805,-17.27372640148812,-29.68396130314824,17.86049643941773
2001-08-28,-22.40000170677656,-17.99291131540038,-32.19831775912422,17.959492635720693
2001-08-29,-23.050160352189057,-17.39842467524692,-32.15049330964781,17.17200764695847
2001-08-30,-22.390075076807594,-18.15354684443377,-32.53536471610659,16.630213363832688
2001-08-31,-22.797416394270368,-17.844487342874167,-32.36273730515113,17.3764805874348
2001-09-01,-24.90577863186035,-17.299829619754647,-29.621191443196388,16.654518389719183
2001-09-02,-24.750158482250615,-17.950993466483094,-30.314048978113213,18.24076053802473
2001-09-03,-26.11316487739118,-18.403411576100655,-30.037277932277785,18.409359583206946
2001-09-04,-26.358743450644514,-16.890611751783,-30.763595361424205,19.689232390288854
2001-09-05,-24.49777520612641,-15.236696165250203,-31.558212380127344,19.105538352331948
2001-09-06,-24.792464059671214,-15.707527467635622,-32.64648679359559,19.29261009929948
2001-09-07,-24.051204334719124,-16.306673507516866,-30.217121359904837,17.27407293982402
2001-09-08,-23.582004724100788,-16.944144980117994,-31.898298464935852,16.64071746874148
2001-09-09,-23.172049170962207,-17.02911239092397,-31.989429901880204,15.121017349036016
2001-09-10,-21.818788809099274,-16.228837710147612,-31.775639747242842,14.273460927060198
2001-09-11,-21.611446400872104,-15.759048848801699,-32.328676576485115,15.503883011694608
2001-09-12,-20.798762768452328,-15.79541567929325,-32.55635622530611,14.675350866695355
2001-09-13,-20.68335412220677,-15.341986703143775,-33.25217674013258,14.364428752650523
2001-09-14,-20.296185686113454,-15.103302586789516,-32.782953891405626,14.335533192342641
2001-09-15,-19.41951989160033,-16.380875134787804,-33.602911445068166,13.342106666768492
2001-09-16,-19.07841886624659,-15.299656523635011,-35.54203591704625,13.557124923964507
2001-09-17,-19.431428107569847,-15.746962013332489,-37.10607571800246,13.854575217435702
2001-09-18,-19.973728707786613,-14.851010789899314,-36.90623868059237,14.331565162408557
2001-09-19,-19.636118789734393,-14.860522940814208,-39.59402040075084,16.019624369652057
2001-09-20,-20.381802571799803,-14.203377082417333,-40.72612420546287,16.982173383106772
2001-09-21,-21.773206709731763,-13.830274266772776,-40.90868542382045,17.690285388109697
2001-09-22,-20.657802995489604,-13.88786634992894,-40.158451447894336,16.751715874001217
2001-09-23,-19.273992333482248,-14.136071715664022,-40.98775959387766,16.171881121426168
2001-09-24,-19.00375940205702,-14.363711088145447,-40.58025067044684,13.969133997967958
2001-09-25,-18.928757054834076,-15.427517066854554,-40.99875722500256,14.66460974644677
2001-09-26,-18.379879811465724,-14.971538528331209,-40.80903540580242,14.51113178202536
2001-09-27,-18.36270421319437,-15.89481575404273,-42.362245526383944,14.874682358609364
2001-09-28,-18.870404095912992,-15.057093306280265,-40.889079401909825,14.657789823128729
2001-09-29,-17.1907664323459,-14.647109924274783,-41.2053278207829,15.901442933321292
2001-09-30,-15.160846767203667,-16.61257459894618,-40.322316384147626,18.683720201359762
2001-10-01,-13.36976466544158,-15.367899823812358,-41.294596575845134,18.26315800786072
2001-10-02,-13.453419720449114,-15.194560820136292,-41.843980705422254,17.68275579746563
2001-10-03,-14.570471336591446,-15.873647761511943,-41.69847540384625,16.431659138777647
2001-10-04,-14.820091365556463,-16.319959038662823,-41.65222421890503,16.862717833587325
2001-10-05,-17.02706482650657,-15.449270120602318,-41.695410125825724,17.606431859671247
2001-10-06,-16.614451208776497,-15.96334680665397,-42.535197307351744,18.10883125402905
2001-10-07,-16.42097846361619,-16.539973578790356,-41.9412389461108,17.925168006531067
2001-10-08,-15.320416641666526,-17.03906950878664,-40.20167006731299,16.8968440197605
2001-10-09,-15.232364164613534,-16.841695403004664,-40.06777334425713,16.781191676057635
2001-10-10,-14.785541352245268,-18.789351049410406,-39.31457922921774,17.665508304962298
2001-10-11,-15.872648377950384,-19.73767085491981,-40.33312866315019,17.776442752825393
2001-10-12,-16.578631458135387,-18.55528805721317,-40.09889828786761,18.646141113839537
2001-10-13,-17.84420971326479,-17.895194811302193,-40.631735919111975,20.362804307360577
2001-10-14,-17.241343409813606,-17.648237348442674,-40.66904871191374,19.726815140176143
2001-10-15,-18.28804328678563,-17.66951197678686,-41.507504824094994,19.374732888131106
2001-10-16,-18.51671761003066,-17.680283921581932,-42.00804398239103,20.140228991922893
2001-10-17,-18.690508658771346,-17.680243382992774,-43.23197915363079,20.724635742491174
2001-10-18,-18.17631801474368,-18.34497016523537,-43.60981271868553,19.2540456481304
2001-10-19,-17.160536653354715,-18.726486514931842,-44.51925282739675,19.975375484153897
2001-10-20,-18.65189515393896,-19.605092772703774,-43.76833462696748,20.62325892441845
2001-10-21,-18.72494651433058,-20.756866924400576,-44.40213853124374,19.802881991118873
2001-10-22,-20.329411769136,-19.39381318164909,-44.013511296088545,20.608047239716097
2001-10-23,-21.32229834890284,-18.201372923023996,-44.927823570734375,20.13014321596088
2001-10-24,-21.228351411503937,-18.987949172474664,-43.01328268766022,20.77226410061487
2001-10-25,-20.82461488071528,-19.36236233167153,-43.04911874750049,20.20254150347468
2001-10-26,-22.124913311331046,-17.91697213380645,-44.74625127151272,19.14602077801574
2001-10-27,-23.23492831558723,-17.818269881406106,-45.31538608482895,18.567069207462684
2001-10-28,-22.030842956685927,-16.641167488934382,-46.14437265590026,18.91435316681938
2001-10-29,-21.553226765034623,-16.318310754432268,-44.62244145854246,18.77856387010925
2001-10-30,-23.710678656602894,-16.76338411443785,-43.75469473819271,17.976840706765024
2001-10-31,-23.136064892560274,-16.481577997524806,-44.73550055093647,18.029784690247848
2001-11-01,-24.3320525635561,-17.518492121823066,-44.29821404092265,17.426646445475285
2001-11-02,-22.56201834239955,-16.736366035118383,-45.73418251376093,17.258018691071648
2001-11-03,-23.525085088005515,-15.641618883439381,-44.93830323938433,18.538236441124962
2001-11-04,-22.887789892041553,-15.271080957491595,-45.57350412876249,17.69992927291931
2001-11-05,-22.65939220999809,-15.315952566804249,-45.13177163815166,16.35252421905387
2001-11-06,-22.95454837694338,-14.728449280280104,-45.9560777860333,16.80507573932179
2001-11-07,-21.901494299203183,-13.274360341960257,-47.052982124963286,17.78463441956064
2001-11-08,-21.641663076610577,-15.137770874105442,-46.37097953001593,18.845416841686276
2001-11-09,-22.60314784437632,-13.635023969388484,-44.518672514396876,18.6395835322624
2001-11-10,-23.204545791457317,-14.75238435860102,-45.53509532444479,18.683099900365708
2001-11-11,-23.394716431520475,-14.008203080789603,-45.63563126887914,19.197971578378862
2001-11-12,-24.200247237844277,-14.195725573169012,-44.27984295756206,19.19189650671435
2001-11-13,-25.443197504121645,-14.28427594359947,-44.54912565145739,17.883909786705726
2001-11-14,-25.520662975201514,-14.116266754144089,-43.826768881881115,18.816730499208468
2001-11-15,-25.691754414836602,-13.995180696761821,-44.07704024269439,18.71563252893379
2001-11-16,-24.422452325826978,-14.12225650196845,-41.577075549964604,16.948872228199985
2001-11-17,-24.051568421730128,-14.380594463646842,-42.10415895643579,15.294855990166901
2001-11-18,-23.692055313464724,-16.651495614456255,-43.26591509514944,15.08371215735404
2001-11-19,-22.772223477205895,-17.32094241239188,-42.53420267999479,16.983423788221224
2001-11-20,-23.200979300682327,-15.782211246321499,-41.33987080666982,16.94516580897963
2001-11-21,-23.685984261410564,-16.538962614891247,-41.1773082406648,16.403415177069355
2001-11-22,-23.28710429214334,-16.781151137902384,-41.661538388636956,14.23707601708219
2001-11-23,-23.111764877017595,-16.63278313694557,-41.20590691057843,13.65402244424685
2001-11-24,-22.369938272450383,-19.09799260787201,-41.0004652989841,14.575375807668582
2001-11-25,-20.92351379901443,-20.08734938023773,-39.64183818176779,12.075675023268833
2001-11-26,-21.07787760679639,-19.97850060066269,-40.31202215619721,12.702426062489929
2001-11-27,-18.80590286003494,-19.115263591240637,-40.42187459370072,12.021868699877105
2001-11-28,-16.63364736027143,-19.058190588594538,-41.24722590253977,10.280923038455665
2001-11-29,-14.287783110605126,-20.19980471515607,-41.838344772234024,11.022479510521892
2001-11-30,-13.847088055140548,-18.982097310643326,-42.79644067196646,11.727899751932128
2001-12-01,-14.791187472715695,-17.859794986878455,-43.7213314516559,12.263032702997668
2001-12-02,-13.693235252406483,-16.579423606964287,-43.48538932464998,11.337264641203161
2001-12-03,-15.987017516722272,-16.640946675047367,-41.868978488386325,11.008826338059686
2001-12-04,-14.255102619697587,-15.539747815105812,-41.2541812269951,8.675906211857946
2001-12-05,-13.826663705291672,-16.273436675969787,-40.78941357364943,8.594341630730046
2001-12-06,-12.629663539117066,-16.176955023078587,-41.523351158349406,8.97387881984413
2001-12-07,-13.87499735642508,-18.747255126870616,-42.41992497175281,7.952768208364409
2001-12-08,-13.698701498959792,-18.09770343906366,-43.87510665610184,7.636542104093123
2001-12-09,-13.24838884335609,-19.075179084675508,-43.21431319600488,8.427917910126517
2001-12-10,-13.016767297165217,-19.15522833443951,-44.11556776303604,8.710986232229814
2001-12-11,-13.106837226790157,-19.38781724124989,-44.48074431316529,9.106533609088848
2001-12-12,-13.895427910958293,-18.698787306854967,-46.055320050591476,8.768555098682647
2001-12-13,-13.788379557113922,-19.360426410535585,-46.77136085651703,9.754437716826715
2001-12-14,-12.07166649222995,-20.436452666500706,-47.24654659138372,9.8202943634154
2001-12-15,-12.929551431130875,-19.73745486018077,-47.78191541820674,8.227678688515217
2001-12-16,-13.774281933002783,-20.324858224702798,-47.48652170923862,9.149996097004207
2001-12-17,-12.843916497269374,-21.430338340187284,-47.75026700707214,10.358533930110179
2001-12-18,-13.17001217820614,-21.068769310754778,-47.78373417107291,10.142855087850343
2001-12-19,-13.772593584930089,-21.057850270167652,-48.23842143587068,12.512385712708923
2001-12-20,-13.432692517942161,-21.00444936363846,-49.78387259183195,13.463823042531256
2001-12-21,-13.784617783095513,-21.56590255429752,-50.13452122378363,13.664500824081824
2001-12-22,-14.379258920431425,-22.1064652933879,-50.01910436405201,13.94874741228872
2001-12-23,-14.086491850522519,-21.96262065167034,-50.814182736223685,12.92434910428002
2001-12-24,-13.947992447523282,-23.294686377381087,-51.53892291797938,12.68626431938408
2001-12-25,-14.947089176531263,-22.402114733918314,-53.25523064111945,12.953879667626431
2001-12-26,-15.045207088282826,-22.571853455258037,-52.30713951525463,13.249533865898178
2001-12-27,-16.211369539595424,-20.883979715271227,-52.102918065785225,13.519781202908515
2001-12-28,-15.43662987495286,-21.573293106539623,-52.54124962244737,12.648191244485508
2001-12-29,-14.391870870496112,-21.733110044695216,-53.71422150036276,11.697149139628655
2001-12-30,-13.477872847750374,-23.044411670753853,-53.594030886242514,12.417028835980975
2001-12-31,-13.034321775135469,-24.349039961405293,-53.44662724690476,12.86297487554475
2002-01-01,-12.371045655759051,-24.70382447768851,-52.69393651984723,11.92095369856663
2002-01-02,-12.1077109150616,-25.466128093851623,-51.49798331450248,11.077140404466906
2002-01-03,-12.747304535904256,-24.63319883094126,-51.775424242855124,10.883426871164014
2002-01-04,-14.198576361096059,-24.425021593419913,-51.0467816005232,10.860033118490318
2002-01-05,-14.55654650730309,-23.1130792669021,-51.30971425746497,11.663243079665909
2002-01-06,-15.31019847408998,-22.309334710435348,-51.30583741062635,10.130219535491742
2002-01-07,-15.374365379384175,-22.17556589266554,-51.38613768659157,11.260374380647114
2002-01-08,-15.14089024150716,-21.44285487371851,-50.09271842686277,10.046725080922174
2002-01-09,-14.733425934695697,-22.154870427357466,-49.744861554963094,9.647748739524959
2002-01-10,-14.658788889523917,-22.908779664693373,-48.624854538702685,8.679122222885136
2002-01-11,-15.052643683952454,-22.856147431760895,-49.36789749889915,9.828598875237844
2002-01-12,-13.955651575246074,-23.08665794550194,-47.817273333531226,11.367189782880216
2002-01-13,-14.025326249934322,-23.601294834839766,-48.28346469461537,10.18902694841628
2002-01-14,-13.554115333786253,-23.90256318197777,-47.90601826159039,9.465004231106986
2002-01-15,-13.234458610799468,-25.20306856443864,-46.97929885217276,9.039750068936232
2002-01-16,-13.015380148164121,-25.890853090615327,-45.787891409437094,9.746593897458732
2002-01-17,-11.428245281983884,-26.194036688117777,-45.70011099975142,9.029034427026742
2002-01-18,-11.822004910016084,-28.39658902804089,-45.84261389538993,9.05331327633132
2002-01-19,-12.014352092787124,-27.23619779463239,-46.212373290968074,7.338992348812551
2002-01-20,-11.675282410168128,-26.799839910112873,-47.72034536259872,7.441305082228309
2002-01-21,-11.82521853253189,-26.639553360627335,-46.505661348491,7.149567619626154
2002-01-22,-12.70068537856528,-27.25544846448089,-44.46204469805574,6.2882670384818455
2002-01-23,-12.242157512712396,-30.626606784826183,-45.29018363469608,6.224343922010305
2002-01-24,-12.074523532731131,-32.142855136850834,-45.49142019774688,5.410654513089348
2002-01-25,-12.663760037737353,-33.28225707416901,-46.35638680797887,3.938360441784882
2002-01-26,-13.452964186992867,-32.5620131762289,-45.04795326522273,3.5513361988113408
2002-01-27,-12.956043150230496,-33.09430188988686,-46.08410085322475,1.9385972876177358
2002-01-28,-11.342025559988516,-32.22262123732959,-47.46917076617166,1.8891356117026423
2002-01-29,-12.049708256131337,-33.556163118542564,-47.363323663114684,4.890598854694156
2002-01-30,-11.994498660313996,-32.6462010967743,-47.33768222568849,5.161547190358307
2002-01-31,-12.215339302412495,-31.646556022530433,-48.4814892110356,6.024965827526457
2002-02-01,-13.010142376412508,-31.389855454271583,-47.04125520448372,5.369927420487917
2002-02-02,-15.092757606451293,-31.456692808343778,-46.0867140025031,2.966521910233854
2002-02-03,-16.095943713322296,-32.97912834359051,-47.59571711291033,2.8362454234078656
2002-02-04,-16.474920929625863,-35.659198579241014,-47.33700353113592,1.8804403245354977
2002-02-05,-15.420205660102761,-36.446475343038834,-48.69201778149188,1.7341877237884835
2002-02-06,-16.223461047691384,-35.56149933297925,-48.51829493650751,2.4014079723767345
2002-02-07,-16.569235083199825,-35.66375239483794,-49.32657576740664,2.1834684023286144
2002-02-08,-17.1223617120164,-36.46924069197248,-49.09427627304094,1.2721232881451288
2002-02-09,-17.109681012826137,-34.60257986023693,-47.55381541584813,-0.97185897339117
2002-02-10,-19.26141178946342,-34.79909268587729,-47.32915043663772,-0.8702225517890465
2002-02-11,-19.954737310696316,-35.36482234437002,-46.21600293501071,-0.0238040586684497
2002-02-12,-19.58304478124826,-35.44910268853206,-45.77983220309626,-1.2055047172193532
2002-02-13,-20.551879206815382,-36.23376402849895,-46.16209363895395,-1.1904123458714142
2002-02-14,-22.692279553992964,-36.30806749791249,-46.85505255704169,-1.3938469417612762
2002-02-15,-21.51496219697587,-35.57348985800878,-45.97875283403006,-2.459032176321686
2002-02-16,-21.87311781645782,-34.72376015087089,-45.787031330293736,-1.187518161645999
2002-02-17,-22.78515753693587,-36.46466996911334,-45.071431301931796,-1.6970921439402717
2002-02-18,-23.192479111695377,-37.54114860213076,-45.65881291724901,-0.8730388119140966
2002-02-19,-22.858288438003814,-38.34704285708559,-45.22299439185628,-0.896705617793354
2002-02-20,-23.22792688732676,-37.921950583792785,-45.45664009472574,-0.13014067190670686
2002-02-21,-21.3256315757585,-38.90798261267865,-45.895595777304806,0.10311509762619292
2002-02-22,-18.41214376875647,-38.494631463157965,-45.842042758292905,-0.07053568871129093
2002-02-23,-18.60128615050614,-38.491219537362014,-45.80377597948337,0.21040104043139232
2002-02-24,-18.863357554137817,-38.38884962645754,-44.32094615959888,-0.419201197127845
2002-02-25,-20.030335708627693,-37.83446604938793,-43.819755955984206,-0.5020178013208625
2002-02-26,-19.19183418214398,-36.0630562063161,-44.361528779763724,-0.05676259998095645
2002-02-27,-18.953357116966988,-34.310157960985165,-43.849152318719185,-0.9500427719875306
2002-02-28,-19.3754826332445,-34.741695144168496,-42.800358166714,-1.4800145608259294
2002-03-01,-18.509634359195513,-35.2713151072212,-42.37566264435348,-2.7360912773567945
2002-03-02,-19.42215739504826,-34.8089874122184,-41.43665956168733,-2.8423952794677367
2002-03-03,-19.014932228172324,-34.89255943331749,-41.20360781331552,-2.434575120148717
2002-03-04,-18.935432231332097,-34.420262449723936,-40.17685698303533,-4.221350576016716
2002-03-05,-19.701668185061298,-34.550362537944714,-40.14181194575311,-5.681301794507432
2002-03-06,-19.37739563024262,-33.86781333825557,-37.71359645756877,-7.423324595507263
2002-03-07,-18.8712821100172,-34.08238969927549,-39.75139402427974,-7.327132802647627
2002-03-08,-19.305402963382395,-32.617738924353475,-40.852387016267976,-8.888524108904424
2002-03-09,-17.210640487061326,-32.2176445085971,-41.797293883376085,-8.550878087601994
2002-03-10,-17.160447183305386,-32.77660231754366,-41.75690296718709,-9.949340348933084
2002-03-11,-16.017276009648995,-31.536435029082014,-42.25411915134763,-10.07781215836256
2002-03-12,-14.479334928083649,-31.86585342976987,-42.75794086997932,-9.944139512424128
2002-03-13,-14.404730318824068,-32.69934683418325,-42.507320855161,-8.207460413527581
2002-03-14,-14.391559167631783,-34.00966142998139,-42.01638379866327,-6.831734849750203
2002-03-15,-14.118509204535163,-35.06796775563186,-42.99147516732276,-7.142217754828063
2002-03-16,-14.81582336811539,-35.176626301327865,-44.15117835492757,-6.670982119148163
2002-03-17,-15.419443459096232,-35.004131750734054,-45.616537504897316,-7.122171273865789
2002-03-18,-16.086536801884115,-35.31716824365328,-46.22024147534901,-8.126995749800443
2002-03-19,-16.15216914841149,-36.6182424417567,-46.555161143673345,-7.1050462953383295
2002-03-20,-16.421816886050234,-36.560127812510295,-46.03007946372761,-7.186640746676265
2002-03-21,-14.914672435412522,-36.58442370997274,-45.04975480145526,-7.253404222087841
2002-03-22,-12.22180662696838,-36.80340154130081,-45.32544398567328,-8.1968448372621
2002-03-23,-12.16513875833343,-37.65409141123874,-45.496554670525136,-7.1588004181702445
2002-03-24,-12.316884920539964,-35.95483441258184,-45.10018504337981,-6.690529578945988
2002-03-25,-13.307010288791615,-35.25733538525863,-44.86345676859922,-8.188339412857795
2002-03-26,-13.800538119919032,-34.25587826141519,-43.39264032312936,-8.939733339172372
2002-03-27,-13.50432912688617,-34.68898115741831,-43.56486221815791,-9.929422659821933
2002-03-28,-13.017604542111393,-34.00587675588808,-45.02303588196395,-10.98937575117732
2002-03-29,-13.120609715825164,-33.593996967310105,-44.584212541754724,-10.64711002140738
2002-03-30,-13.608704220650882,-31.347403513085858,-43.71327018846658,-10.96920796783206
2002-03-31,-12.491888972306482,-31.52943139078314,-44.46398496598315,-12.724972361685023
2002-04-01,-12.281044366469049,-31.299724317570817,-45.091939711502114,-13.62478293073205
2002-04-02,-13.08558779002662,-31.449195348349956,-46.843234158289114,-13.510592405426593
2002-04-03,-14.840357991936125,-31.41708609058483,-48.04860631353026,-14.785012175323
2002-04-04,-14.633620759781426,-32.20639883896554,-48.70962693637722,-15.07944201633929
2002-04-05,-15.709935804527287,-30.253658626417206,-48.68791538169947,-15.57374478534185
2002-04-06,-15.131645808270818,-31.586241402305244,-47.577547000568615,-16.482406819855616
2002-04-07,-15.385105535412883,-29.63170417487336,-47.628923420432905,-14.876990531428186
2002-04-08,-17.405976998736676,-27.76058555865502,-47.95336313397625,-14.516130307245477
2002-04-09,-17.664662453291243,-27.998459980594248,-48.61337288364635,-16.556430320777633
2002-04-10,-17.32111444569125,-28.823581377106777,-49.83673468619854,-17.33063257652534
2002-04-11,-14.6752086004582,-27.872634071750085,-50.63449708732576,-16.79841349642403
2002-04-12,-13.668264388351353,-26.436260791543422,-51.603645309538884,-15.722385571553112
2002-04-13,-13.83967228191592,-26.149028385593727,-52.064212169242815,-13.888775789221794
2002-04-14,-14.103800014487504,-26.223199076565592,-51.16551115504477,-15.719396010607515
2002-04-15,-14.212395733102987,-24.55459306035996,-52.18191213163749,-16.489460040197844
2002-04-16,-13.44776766502839,-23.624414875005076,-52.2947057858385,-16.777090655044102
2002-04-17,-15.264043687431524,-25.245435886138445,-52.597635932220186,-17.144720113504995
2002-04-18,-13.652956026823762,-23.262522368207062,-51.1415538938061,-15.678990010363341
2002-04-19,-14.505017046665419,-23.526172683841764,-50.199069278763744,-16.518388076573984
2002-04-20,-13.848384968511596,-23.82190275980325,-50.61089378563734,-15.883770154168465
2002-04-21,-12.905608677646342,-24.89735950460884,-51.231965373599365,-15.728516275480557
2002-04-22,-12.324383570718963,-23.344308471814724,-49.568211275441755,-16.158627095287677
2002-04-23,-12.953212761270972,-22.969219448311083,-47.529692843805705,-15.090384439556196
2002-04-24,-14.84006651969132,-21.882660190992752,-48.775572333435505,-16.094975764129885
2002-04-25,-13.584962898334783,-20.778914098427464,-49.398869167249885,-14.841936090273668
2002-04-26,-13.515505965461431,-21.03937629157745,-50.55598210989748,-16.905199337303866
2002-04-27,-13.825243646243896,-21.04957713531148,-52.093306606990154,-17.002632611833143
2002-04-28,-14.341462870729133,-20.199520818377533,-53.192194827017424,-17.086998374586816
2002-04-29,-14.200543914405188,-20.51650216314457,-53.00665156892288,-17.064194587234027
2002-04-30,-12.658671495001286,-20.78984157603913,-53.12893084651803,-18.88435932049895
2002-05-01,-11.574841064882696,-22.097273781127072,-53.09521007752263,-17.085530320568456
2002-05-02,-10.77634945548543,-22.803008407736026,-52.8017929874723,-17.527109982810668
2002-05-03,-11.876101149381027,-23.162795054152138,-52.174902412408805,-18.171800032663665
2002-05-04,-12.878242404779732,-21.01942996064517,-52.4659605738922,-17.35022356628207
2002-05-05,-11.974888612265913,-20.48155296470424,-52.521069018022025,-16.56576377692119
2002-05-06,-13.249146063329762,-20.664236406206093,-51.416841585427065,-15.958490175719689
2002-05-07,-15.769772086003549,-21.044196212951277,-52.55449695624096,-15.596238239119764
2002-05-08,-14.413409490630553,-20.890208091781613,-53.64774922240612,-16.02552547289428
2002-05-09,-12.974146188894263,-22.34192373455,-52.77935909594788,-15.687467897720474
2002-05-10,-14.29663008612826,-23.079657349602197,-52.93358428793011,-15.647301814714446
2002-05-11,-15.74380004045187,-23.428210073103134,-52.46262327938747,-16.41101500153113
2002-05-12,-15.956279682181831,-23.366161045769992,-51.730745777452455,-16.074131752037907
2002-05-13,-14.676042932476374,-22.76473383183451,-50.17719640766658,-17.16164888069133
2002-05-14,-14.47864486078583,-22.313450802160574,-50.59392287132655,-15.795614543368227
2002-05-15,-13.696897234372823,-21.888841536295253,-49.41091470030581,-16.122597149245646
2002-05-16,-12.494978272009623,-22.03993938114635,-49.9179539057247,-16.985964884528293
2002-05-17,-13.079642727272914,-21.78863266237604,-49.25876055519071,-18.381292834210267
2002-05-18,-13.747140129665311,-21.98050102468748,-48.665220673450854,-18.152775639536863
2002-05-19,-14.349544871422,-21.482835476108008,-48.14007479396624,-17.716351469080166
2002-05-20,-13.479048839822038,-20.605171112367003,-48.43436987471575,-18.301559558334404
2002-05-21,-12.105451674183135,-21.39660827644317,-48.144230831502824,-18.876596158887587
2002-05-22,-11.473660660720064,-20.795388285623503,-48.49946234676676,-19.15067777644349
2002-05-23,-10.433328415922578,-20.567853848859198,-48.21282878514545,-19.10719695024565
2002-05-24,-9.283699058121417,-20.89881609493041,-48.13573390864481,-19.75021472366337
2002-05-25,-9.605431994837838,-20.622939108046936,-47.37607383051691,-21.2817753960308
2002-05-26,-11.826880516981788,-21.323513996367296,-48.887127748682715,-20.57304390142667
2002-05-27,-11.419008643531528,-21.59989495614082,-48.85957165250072,-21.28980500792861
2002-05-28,-13.296149623765846,-21.466854023226226,-49.5057139891843,-21.81526673603758
2002-05-29,-15.053357171715374,-21.455995884785487,-48.79143263781825,-22.07295604173285
2002-05-30,-14.451887760120625,-21.6286266903959,-48.968696797065526,-22.471331057278725
2002-05-31,-13.807265350751484,-21.11386308871461,-49.43339095124275,-22.065899049790087
2002-06-01,-15.315267371738452,-20.330292626083747,-48.781676662167406,-23.2086531689789
2002-06-02,-14.874493016603394,-20.974496694049968,-48.46353800789218,-22.236524440365656
2002-06-03,-14.32028038869701,-21.907429850272585,-50.46598317386422,-22.725048054151664
2002-06-04,-14.301801446806094,-21.052868063263844,-49.1583077151432,-23.299418345540374
2002-06-05,-14.000040811595468,-22.5958151426691,-50.171830322653975,-22.92067217492953
2002-06-06,-14.496234411109407,-23.43898366015433,-50.74956052512255,-23.539584586628976
2002-06-07,-13.128220992501678,-22.409285823923494,-50.70075411809943,-21.89435678157962
2002-06-08,-11.743113152152722,-22.879453537306635,-50.73524288684352,-21.956313060551093
2002-06-09,-12.337411900987826,-23.327844675411626,-50.18995559901211,-22.531463619077094
2002-06-10,-11.780372898756097,-23.511938147794126,-49.95837801749389,-22.35196822191625
2002-06-11,-12.630888600604845,-23.655684298182372,-49.566556482812814,-20.12033638456237
2002-06-12,-12.892107819086569,-24.269725107808434,-48.40366695855198,-20.801866370344353
2002-06-13,-13.453597367912607,-24.074820197667897,-49.74350375358695,-21.253272051570715
2002-06-14,-12.444545526059247,-24.465540243668226,-51.068625171224795,-20.830773889690178
2002-06-15,-12.620542230001387,-23.722926328121204,-52.631267291981985,-21.799964847808077
2002-06-16,-13.715688943540359,-22.763251218729565,-52.134511796035994,-20.97074655933958
2002-06-17,-12.699527989347645,-24.01303761670677,-52.53173075890867,-20.825823740233236
2002-06-18,-12.746724822399123,-24.380185131480726,-53.599835159717486,-21.95027999880324
2002-06-19,-13.804004252848257,-23.555124043260914,-51.86629491785413,-22.876103061495883
2002-06-20,-15.82052704511591,-25.454362165060072,-52.15456838520056,-21.29069899251152
2002-06-21,-16.539029400584575,-27.471742676283412,-52.5262835089765,-20.65475728094089
2002-06-22,-16.99829317390509,-27.535769523595988,-53.19753827850877,-18.737502030893495
2002-06-23,-16.052375856529835,-27.73998233420954,-53.34336192839474,-17.982054546334467
2002-06-24,-15.246357232043549,-27.128864669222814,-51.42129360783141,-17.93897635162259
2002-06-25,-13.945703135158682,-28.106088492114537,-53.09202102963744,-18.07324040299141
2002-06-26,-14.732773433053246,-29.43797843700475,-51.72068324367625,-16.648574385930697
2002-06-27,-14.213001212455925,-28.186134228822176,-51.90116814477334,-15.271984835156427
2002-06-28,-14.146893235048273,-29.29065452973193,-51.83305500116513,-16.944786514593225
2002-06-29,-12.943039243824916,-29.293900074623316,-51.45967929473653,-16.120270785177265
2002-06-30,-12.588152405087758,-29.64941517835283,-50.78769520203679,-18.13850408475278
2002-07-01,-11.290069050304359,-28.499581867209734,-50.93094809716603,-17.136006605341088
2002-07-02,-12.791966514978288,-27.239735988720362,-51.46937065116527,-18.06911627227472
2002-07-03,-11.68452577080528,-26.80415467862981,-49.36061027826455,-18.397817266799446
2002-07-04,-9.805351041549741,-26.12630016943238,-50.389857004962735,-20.247681679837076
2002-07-05,-10.89282660203667,-26.33484671710211,-50.44520628854243,-21.204178785956884
2002-07-06,-10.911605791911466,-25.93666673784015,-49.59567425835756,-21.658176169382433
2002-07-07,-11.031630085295408,-26.835646239989302,-49.76162745669076,-22.03963461222365
2002-07-08,-11.751740102104598,-27.204462414143677,-50.66342158458838,-22.382616958705608
2002-07-09,-11.811401206901325,-27.51309513506419,-52.744630653344075,-22.465948795116674
2002-07-10,-11.667059670115224,-27.69443480615536,-51.83428616290311,-22.403641407350165
2002-07-11,-12.384290517289992,-27.077597203487986,-50.92411045498172,-22.15276425439482
2002-07-12,-13.413941442946996,-27.32179357210068,-50.387153143393704,-22.694574640145944
2002-07-13,-12.770387701156576,-26.909731723572804,-50.87775159854704,-22.655929381082068
2002-07-14,-12.571162765597403,-26.398581514740194,-51.014296532876166,-23.426255537698662
2002-07-15,-11.235402128415638,-26.02071711235876,-49.44404679637255,-25.175407501143937
2002-07-16,-13.123514010858328,-25.448068411306338,-48.1445608678625,-23.557789621570677
2002-07-17,-14.685459352482026,-26.045842016412468,-48.81235082175414,-25.301055110052445
2002-07-18,-14.094315559345612,-26.84533383795049,-48.3553004861808,-24.670592679987127
2002-07-19,-14.520095628510354,-25.213945786857487,-48.9633392603277,-25.32217811095783
2002-07-20,-14.278652036498544,-27.609734068345034,-49.32925917126735,-26.273211899519833
2002-07-21,-14.6058048214197,-27.513943557806215,-50.8893398739468,-25.14258939714454
2002-07-22,-14.574084534049117,-26.642111533987524,-52.42594499681311,-27.07200786253737
2002-07-23,-14.590074706345638,-27.12512887185295,-52.095264245660765,-26.05078704333937
2002-07-24,-14.873921824642702,-28.71849955176064,-52.823261574643254,-25.280858798942017
2002-07-25,-16.112451217134204,-29.970759566768482,-54.89195597378239,-25.818440841330837
2002-07-26,-16.86347462250821,-30.07262002856653,-55.01052241722404,-25.7358767593152
2002-07-27,-17.23744976855501,-29.598606794656575,-53.3540864454764,-24.27749790162431
2002-07-28,-17.783973934947028,-27.165909264453653,-53.50152524077944,-24.592306750813943
2002-07-29,-18.72617765929813,-27.194605753043664,-53.410591450031184,-22.642386149233545
2002-07-30,-20.60054003354137,-26.478884057372664,-53.32475329852597,-22.878444851839415
2002-07-31,-19.85107566938825,-27.356670185003416,-53.891115926396644,-22.795996364648
2002-08-01,-20.019825088002847,-27.1008620238819,-53.48855524946774,-21.760210698689715
2002-08-02,-20.64846889857285,-29.88454653230749,-55.41868407661743,-21.417732273912303
2002-08-03,-20.06122881149073,-30.47119662631526,-56.40326584818532,-22.13454834655635
2002-08-04,-21.39134142262444,-28.317987057879847,-56.61274104612361,-20.90524764522144
2002-08-05,-21.190464497362782,-26.890815895948396,-56.76002494699754,-21.01515242246165
2002-08-06,-21.419737230509124,-26.43457494628985,-55.38116588244837,-21.754528252871598
2002-08-07,-22.52593564564622,-26.01742588452186,-57.59761255633075,-22.812052914024854
2002-08-08,-22.54394376963315,-24.706621189075918,-57.7679937972702,-23.4273934917976
2002-08-09,-25.154074286134232,-25.21265834701962,-56.11035827850237,-23.751686496719216
2002-08-10,-25.578005755997815,-24.715238945995196,-56.7159143195158,-21.75338268650485
2002-08-11,-25.514799823217007,-23.441926740234774,-57.2541252292439,-20.85793535019319
2002-08-12,-23.779473690414846,-22.4354677340215,-55.92978075673326,-22.706497327375164
2002-08-13,-23.621471607955588,-22.110074724571472,-56.382716910966366,-23.237676212724043
2002-08-14,-24.031692272969885,-22.951449066557167,-56.94758178599328,-23.059391041505602
2002-08-15,-23.643520398662876,-23.192265814106943,-57.74649010904579,-22.891713911849138
2002-08-16,-24.34057413819164,-22.757410173653273,-57.56185459960503,-23.807636151231968
2002-08-17,-24.35001028174506,-23.072793122617984,-55.94437373608686,-23.978688512450958
2002-08-18,-24.813845871483103,-21.35479338792716,-54.533128674093234,-24.956148694470674
2002-08-19,-24.81416827770315,-21.775283894305364,-55.229767927390725,-24.518224210642295
2002-08-20,-24.919585796606842,-21.896499765797365,-54.070408112861585,-26.330811153489737
2002-08-21,-25.010973555664968,-22.5281658700234,-53.42512937364046,-25.419151270983015
2002-08-22,-23.34925701478435,-22.881808049221515,-54.97288781597652,-24.112374128355405
2002-08-23,-26.36129876802849,-22.283801937828457,-53.462335374928145,-25.557093184945575
2002-08-24,-27.799343802230663,-23.672871562288616,-52.539412496495444,-27.089762790841416
2002-08-25,-28.751068373662797,-24.065511482560968,-54.04235134096655,-26.65608750493035
2002-08-26,-28.72148354068996,-23.373606372455725,-55.680318160443605,-25.237313262603028
2002-08-27,-29.855070014310694,-23.412109503259373,-55.131863251678446,-23.853261751800172
2002-08-28,-31.02998579854034,-22.99170851228139,-56.99903306266818,-24.657279681500775
2002-08-29,-30.382896327165742,-23.124140132580905,-57.89900850709021,-24.81498011442514
2002-08-30,-31.10952372685008,-23.67163092839005,-57.170845317735385,-24.454563435031215
2002-08-31,-30.23314861067072,-23.118497708574072,-55.93944391147382,-24.863904015558564
2002-09-01,-29.583962861362632,-23.54662950838558,-55.96591618639653,-26.04008221231517
2002-09-02,-32.03370665105075,-22.834287179330605,-56.6478685604248,-26.55506526192594
2002-09-03,-30.592610236106896,-22.971532514164625,-56.322488716033625,-26.41655467789832
2002-09-04,-29.7767296686182,-22.42427503447428,-56.16106185486494,-26.38401093617105
2002-09-05,-28.438078991148945,-22.932519557768643,-56.192157438902505,-27.747754497047406
2002-09-06,-28.946250608348105,-23.0252779621842,-55.02811575019071,-28.725171487051213
2002-09-07,-29.13498034054856,-22.465686202311183,-56.385222876310266,-29.039407002924094
2002-09-08,-29.91266194660355,-22.98525594856355,-57.30800651545566,-29.326577148684006
2002-09-09,-30.264175474063162,-23.29812297222888,-59.34163063633056,-29.44772613660134
2002-09-10,-31.428603035650145,-24.438190922644463,-59.68572420874053,-29.5336725042894
2002-09-11,-32.01038872807981,-23.474940613041152,-59.94814031608294,-32.10612059681514
2002-09-12,-31.930976434277866,-23.063957361053163,-60.518740491603715,-31.489196353801734
2002-09-13,-31.851391494229706,-23.188171502552205,-62.11771949145836,-32.82666659375045
2002-09-14,-32.09253435945784,-24.24384329948762,-63.253315057797295,-31.840196238672952
2002-09-15,-31.637254849437507,-25.57728146524311,-64.67727229620117,-33.236143976267776
2002-09-16,-32.433287066339375,-25.829395564314886,-65.31532087042457,-33.03099928966317
2002-09-17,-32.93189704086233,-25.92720768615746,-64.39673493974365,-32.38290115232765
2002-09-18,-33.41455775586498,-24.991577395954383,-63.398179077909475,-31.070009687888664
2002-09-19,-32.440577881752866,-24.13720283102904,-62.91294183129744,-30.096793451738698
2002-09-20,-31.31366756754097,-24.702083562577204,-62.63814824941196,-29.695999805091503
2002-09-21,-30.647913277602377,-25.100997317331082,-63.97044347726592,-29.32174849605967
2002-09-22,-32.00306057433898,-23.74562150208755,-65.12310581992446,-28.42724616406614
2002-09-23,-31.878101562035262,-25.109031015897507,-65.58873130141228,-30.16919355814203
2002-09-24,-32.603918234078975,-25.61049306788866,-66.28762518206824,-28.698832032380544
2002-09-25,-32.56214809011029,-25.05992137071144,-66.51421843788086,-28.209755103279274
2002-09-26,-32.2242077587242,-25.713358799454333,-66.46232814198495,-28.436045382953544
